Time	UTC	GPS_lat(deg)	GPS_long(deg)
30.215	15:45:42.215	43.462229950	1.272889989
30.465	15:45:42.465	43.462229950	1.272889989
30.715	15:45:42.715	43.462229950	1.272889989
30.965	15:45:42.965	43.462229950	1.272889989
31.215	15:45:43.215	43.462229950	1.272889989
31.465	15:45:43.465	43.462229950	1.272889989
31.715	15:45:43.715	43.462229950	1.272889989
31.965	15:45:43.965	43.462229950	1.272889989
32.215	15:45:44.215	43.462229950	1.272889989
32.465	15:45:44.465	43.462229950	1.272889989
32.715	15:45:44.715	43.462229950	1.272889989
32.965	15:45:44.965	43.462229950	1.272889989
33.215	15:45:45.215	43.462229950	1.272889989
33.465	15:45:45.465	43.462229950	1.272889989
33.715	15:45:45.715	43.462229950	1.272889989
33.965	15:45:45.965	43.462229950	1.272889989
34.215	15:45:46.215	43.462229950	1.272889989
34.465	15:45:46.465	43.462229950	1.272889989
34.715	15:45:46.715	43.462229950	1.272889989
34.965	15:45:46.965	43.462229950	1.272889989
35.215	15:45:47.215	43.462229950	1.272889989
35.465	15:45:47.465	43.462229950	1.272889989
35.715	15:45:47.715	43.462229950	1.272889989
35.965	15:45:47.965	43.462229950	1.272889989
36.215	15:45:48.215	43.462229950	1.272889989
36.465	15:45:48.465	43.462229950	1.272889989
36.715	15:45:48.715	43.462229950	1.272889989
36.965	15:45:48.965	43.462229950	1.272889989
37.215	15:45:49.215	43.462229950	1.272889989
37.465	15:45:49.465	43.462229950	1.272889989
37.715	15:45:49.715	43.462229950	1.272889989
37.965	15:45:49.965	43.462229950	1.272889989
38.215	15:45:50.215	43.462229950	1.272889989
38.465	15:45:50.465	43.462229950	1.272889989
38.715	15:45:50.715	43.462229950	1.272889989
38.965	15:45:50.965	43.462229950	1.272889989
39.215	15:45:51.215	43.462229950	1.272889989
39.465	15:45:51.465	43.462229950	1.272889989
39.715	15:45:51.715	43.462229950	1.272889989
39.965	15:45:51.965	43.462229950	1.272889989
40.215	15:45:52.215	43.462229950	1.272889989
40.465	15:45:52.465	43.462229950	1.272889989
40.715	15:45:52.715	43.462229950	1.272889989
40.965	15:45:52.965	43.462229950	1.272889989
41.215	15:45:53.215	43.462229950	1.272889989
41.465	15:45:53.465	43.462229950	1.272889989
41.715	15:45:53.715	43.462229950	1.272889989
41.965	15:45:53.965	43.462229950	1.272889989
42.215	15:45:54.215	43.462229950	1.272889989
42.465	15:45:54.465	43.462229950	1.272889989
42.715	15:45:54.715	43.462229950	1.272889989
42.965	15:45:54.965	43.462229950	1.272889989
43.215	15:45:55.215	43.462229950	1.272889989
43.465	15:45:55.465	43.462229950	1.272889989
43.715	15:45:55.715	43.462229950	1.272889989
43.965	15:45:55.965	43.462229950	1.272889989
44.215	15:45:56.215	43.462229950	1.272889989
44.465	15:45:56.465	43.462229950	1.272889989
44.715	15:45:56.715	43.462229950	1.272889989
44.965	15:45:56.965	43.462229950	1.272889989
45.215	15:45:57.215	43.462229950	1.272889989
45.465	15:45:57.465	43.462229950	1.272889989
45.715	15:45:57.715	43.462229950	1.272889989
45.965	15:45:57.965	43.462229950	1.272889989
46.215	15:45:58.215	43.462229950	1.272889989
46.465	15:45:58.465	43.462229950	1.272889989
46.715	15:45:58.715	43.462229950	1.272889989
46.965	15:45:58.965	43.462229950	1.272889989
47.215	15:45:59.215	43.462229950	1.272889989
47.465	15:45:59.465	43.462229950	1.272889989
47.715	15:45:59.715	43.462229950	1.272889989
47.965	15:45:59.965	43.462229950	1.272889989
48.215	15:46:0.215	43.462229950	1.272889989
48.465	15:46:0.465	43.462229950	1.272889989
48.715	15:46:0.715	43.462229950	1.272889989
48.965	15:46:0.965	43.462229950	1.272889989
49.215	15:46:1.215	43.462229950	1.272889989
49.465	15:46:1.465	43.462229950	1.272889989
49.715	15:46:1.715	43.462229950	1.272889989
49.965	15:46:1.965	43.462229950	1.272889989
50.215	15:46:2.215	43.462229950	1.272889989
50.465	15:46:2.465	43.462229950	1.272889989
50.715	15:46:2.715	43.462229950	1.272889989
50.965	15:46:2.965	43.462229950	1.272889989
51.215	15:46:3.215	43.462229950	1.272889989
51.465	15:46:3.465	43.462229950	1.272889989
51.715	15:46:3.715	43.462229950	1.272889989
51.965	15:46:3.965	43.462229950	1.272889989
52.215	15:46:4.215	43.462229950	1.272889989
52.465	15:46:4.465	43.462229950	1.272889989
52.715	15:46:4.715	43.462229950	1.272889989
52.965	15:46:4.965	43.462229950	1.272889989
53.215	15:46:5.215	43.462229950	1.272889989
53.465	15:46:5.465	43.462229950	1.272889989
53.715	15:46:5.715	43.462229950	1.272889989
53.965	15:46:5.965	43.462229950	1.272889989
54.215	15:46:6.215	43.462229950	1.272889989
54.465	15:46:6.465	43.462229950	1.272889989
54.715	15:46:6.715	43.462229950	1.272889989
54.965	15:46:6.965	43.462229950	1.272889989
55.215	15:46:7.215	43.462229950	1.272889989
55.465	15:46:7.465	43.462229950	1.272889989
55.715	15:46:7.715	43.462229950	1.272889989
55.965	15:46:7.965	43.462229950	1.272889989
56.215	15:46:8.215	43.462229950	1.272889989
56.465	15:46:8.465	43.462229950	1.272889989
56.715	15:46:8.715	43.462229950	1.272889989
56.965	15:46:8.965	43.462229950	1.272889989
57.215	15:46:9.215	43.462229950	1.272889989
57.465	15:46:9.465	43.462229950	1.272889989
57.715	15:46:9.715	43.462229950	1.272889989
57.965	15:46:9.965	43.462229950	1.272889989
58.215	15:46:10.215	43.462229950	1.272889989
58.465	15:46:10.465	43.462229950	1.272889989
58.715	15:46:10.715	43.462229950	1.272889989
58.965	15:46:10.965	43.462229950	1.272889989
59.215	15:46:11.215	43.462229950	1.272889989
59.465	15:46:11.465	43.462229950	1.272889989
59.715	15:46:11.715	43.462229950	1.272889989
59.965	15:46:11.965	43.462229950	1.272889989
60.215	15:46:12.215	43.462229950	1.272889989
60.465	15:46:12.465	43.462229950	1.272889989
60.715	15:46:12.715	43.462229950	1.272889989
60.965	15:46:12.965	43.462229950	1.272889989
61.215	15:46:13.215	43.462229950	1.272889989
61.465	15:46:13.465	43.462229950	1.272889989
61.715	15:46:13.715	43.462229950	1.272889989
61.965	15:46:13.965	43.462229950	1.272889989
62.215	15:46:14.215	43.462229950	1.272889989
62.465	15:46:14.465	43.462229950	1.272889989
62.715	15:46:14.715	43.462229950	1.272889989
62.965	15:46:14.965	43.462229950	1.272889989
63.215	15:46:15.215	43.462229950	1.272889989
63.465	15:46:15.465	43.462229950	1.272889989
63.715	15:46:15.715	43.462229950	1.272889989
63.965	15:46:15.965	43.462229950	1.272889989
64.215	15:46:16.215	43.462229950	1.272889989
64.465	15:46:16.465	43.462229950	1.272889989
64.715	15:46:16.715	43.462229950	1.272889989
64.965	15:46:16.965	43.462229950	1.272889989
65.215	15:46:17.215	43.462229950	1.272889989
65.465	15:46:17.465	43.462229950	1.272889989
65.715	15:46:17.715	43.462229950	1.272889989
65.965	15:46:17.965	43.462229950	1.272889989
66.215	15:46:18.215	43.462229950	1.272889989
66.465	15:46:18.465	43.462229950	1.272889989
66.715	15:46:18.715	43.462229950	1.272889989
66.965	15:46:18.965	43.462229950	1.272889989
67.215	15:46:19.215	43.462229950	1.272889989
67.465	15:46:19.465	43.462229950	1.272889989
67.715	15:46:19.715	43.462229950	1.272889989
67.965	15:46:19.965	43.462229950	1.272889989
68.215	15:46:20.215	43.462229950	1.272889989
68.465	15:46:20.465	43.462229950	1.272889989
68.715	15:46:20.715	43.462229950	1.272889989
68.965	15:46:20.965	43.462229950	1.272889989
69.215	15:46:21.215	43.462229950	1.272889989
69.465	15:46:21.465	43.462229950	1.272889989
69.715	15:46:21.715	43.462229950	1.272889989
69.965	15:46:21.965	43.462229950	1.272889989
70.215	15:46:22.215	43.462229950	1.272889989
70.465	15:46:22.465	43.462229950	1.272889989
70.715	15:46:22.715	43.462229950	1.272889989
70.965	15:46:22.965	43.462229950	1.272889989
71.215	15:46:23.215	43.462229950	1.272889989
71.465	15:46:23.465	43.462229950	1.272889989
71.715	15:46:23.715	43.462229950	1.272889989
71.965	15:46:23.965	43.462229950	1.272889989
72.215	15:46:24.215	43.462229950	1.272889989
72.465	15:46:24.465	43.462229950	1.272889989
72.715	15:46:24.715	43.462229950	1.272889989
72.965	15:46:24.965	43.462229950	1.272889989
73.215	15:46:25.215	43.462229950	1.272889989
73.465	15:46:25.465	43.462229950	1.272889989
73.715	15:46:25.715	43.462229950	1.272889989
73.965	15:46:25.965	43.462229950	1.272889989
74.215	15:46:26.215	43.462229950	1.272889989
74.465	15:46:26.465	43.462229950	1.272889989
74.715	15:46:26.715	43.462229950	1.272889989
74.965	15:46:26.965	43.462229950	1.272889989
75.215	15:46:27.215	43.462229950	1.272889989
75.465	15:46:27.465	43.462229950	1.272889989
75.715	15:46:27.715	43.462229950	1.272889989
75.965	15:46:27.965	43.462229950	1.272889989
76.215	15:46:28.215	43.462229950	1.272889989
76.465	15:46:28.465	43.462229950	1.272889989
76.715	15:46:28.715	43.462229950	1.272889989
76.965	15:46:28.965	43.462229950	1.272889989
77.215	15:46:29.215	43.462229950	1.272889989
77.465	15:46:29.465	43.462229950	1.272889989
77.715	15:46:29.715	43.462229950	1.272889989
77.965	15:46:29.965	43.462229950	1.272889989
78.215	15:46:30.215	43.462229950	1.272889989
78.465	15:46:30.465	43.462229950	1.272889989
78.715	15:46:30.715	43.462229950	1.272889989
78.965	15:46:30.965	43.462229950	1.272889989
79.215	15:46:31.215	43.462229950	1.272889989
79.465	15:46:31.465	43.462229950	1.272889989
79.715	15:46:31.715	43.462229950	1.272889989
79.965	15:46:31.965	43.462229950	1.272889989
80.215	15:46:32.215	43.462229950	1.272889989
80.465	15:46:32.465	43.462229950	1.272889989
80.715	15:46:32.715	43.462229950	1.272889989
80.965	15:46:32.965	43.462229950	1.272889989
81.215	15:46:33.215	43.462229950	1.272889989
81.465	15:46:33.465	43.462229950	1.272889989
81.715	15:46:33.715	43.462229950	1.272889989
81.965	15:46:33.965	43.462229950	1.272889989
82.215	15:46:34.215	43.462229950	1.272889989
82.465	15:46:34.465	43.462229950	1.272889989
82.715	15:46:34.715	43.462229950	1.272889989
82.965	15:46:34.965	43.462229950	1.272889989
83.215	15:46:35.215	43.462229950	1.272889989
83.465	15:46:35.465	43.462229950	1.272889989
83.715	15:46:35.715	43.462229950	1.272889989
83.965	15:46:35.965	43.462229950	1.272889989
84.215	15:46:36.215	43.462229950	1.272889989
84.465	15:46:36.465	43.462229950	1.272889989
84.715	15:46:36.715	43.462229950	1.272889989
84.965	15:46:36.965	43.462229950	1.272889989
85.215	15:46:37.215	43.462229950	1.272889989
85.465	15:46:37.465	43.462229950	1.272889989
85.715	15:46:37.715	43.462229950	1.272889989
85.965	15:46:37.965	43.462229950	1.272889989
86.215	15:46:38.215	43.462229950	1.272889989
86.465	15:46:38.465	43.462229950	1.272889989
86.715	15:46:38.715	43.462229950	1.272889989
86.965	15:46:38.965	43.462229950	1.272889989
87.215	15:46:39.215	43.462229950	1.272889989
87.465	15:46:39.465	43.462229950	1.272889989
87.715	15:46:39.715	43.462229950	1.272889989
87.965	15:46:39.965	43.462229950	1.272889989
88.215	15:46:40.215	43.462229950	1.272889989
88.465	15:46:40.465	43.462229950	1.272889989
88.715	15:46:40.715	43.462229950	1.272889989
88.965	15:46:40.965	43.462229950	1.272889989
89.215	15:46:41.215	43.462229950	1.272889989
89.465	15:46:41.465	43.462229950	1.272889989
89.715	15:46:41.715	43.462229950	1.272889989
89.965	15:46:41.965	43.462229950	1.272889989
90.215	15:46:42.215	43.462229950	1.272889989
90.465	15:46:42.465	43.462229950	1.272889989
90.715	15:46:42.715	43.462229950	1.272889989
90.965	15:46:42.965	43.462229950	1.272889989
91.215	15:46:43.215	43.462229950	1.272889989
91.465	15:46:43.465	43.462229950	1.272889989
91.715	15:46:43.715	43.462229950	1.272889989
91.965	15:46:43.965	43.462229950	1.272889989
92.215	15:46:44.215	43.462229950	1.272889989
92.465	15:46:44.465	43.462229950	1.272889989
92.715	15:46:44.715	43.462229950	1.272889989
92.965	15:46:44.965	43.462229950	1.272889989
93.215	15:46:45.215	43.462229950	1.272889989
93.465	15:46:45.465	43.462229950	1.272889989
93.715	15:46:45.715	43.462229950	1.272889989
93.965	15:46:45.965	43.462229950	1.272889989
94.215	15:46:46.215	43.462229950	1.272889989
94.465	15:46:46.465	43.462229950	1.272889989
94.715	15:46:46.715	43.462229950	1.272889989
94.965	15:46:46.965	43.462229950	1.272889989
95.215	15:46:47.215	43.462229950	1.272889989
95.465	15:46:47.465	43.462229950	1.272889989
95.715	15:46:47.715	43.462229950	1.272889989
95.965	15:46:47.965	43.462229950	1.272889989
96.215	15:46:48.215	43.462229950	1.272889989
96.465	15:46:48.465	43.462229950	1.272889989
96.715	15:46:48.715	43.462229950	1.272889989
96.965	15:46:48.965	43.462229950	1.272889989
97.215	15:46:49.215	43.462229950	1.272889989
97.465	15:46:49.465	43.462229950	1.272889989
97.715	15:46:49.715	43.462229950	1.272889989
97.965	15:46:49.965	43.462229950	1.272889989
98.215	15:46:50.215	43.462229950	1.272889989
98.465	15:46:50.465	43.462229950	1.272889989
98.715	15:46:50.715	43.462229950	1.272889989
98.965	15:46:50.965	43.462229950	1.272889989
99.215	15:46:51.215	43.462229950	1.272889989
99.465	15:46:51.465	43.462229950	1.272889989
99.715	15:46:51.715	43.462229950	1.272889989
99.965	15:46:51.965	43.462229950	1.272889989
100.215	15:46:52.215	43.462229950	1.272889989
100.465	15:46:52.465	43.462229950	1.272889989
100.715	15:46:52.715	43.462229950	1.272889989
100.965	15:46:52.965	43.462229950	1.272889989
101.215	15:46:53.215	43.462229950	1.272889989
101.465	15:46:53.465	43.462229950	1.272889989
101.715	15:46:53.715	43.462229950	1.272889989
101.965	15:46:53.965	43.462229950	1.272889989
102.215	15:46:54.215	43.462229950	1.272889989
102.465	15:46:54.465	43.462229950	1.272889989
102.715	15:46:54.715	43.462229950	1.272889989
102.965	15:46:54.965	43.462229950	1.272889989
103.215	15:46:55.215	43.462229950	1.272889989
103.465	15:46:55.465	43.462229950	1.272889989
103.715	15:46:55.715	43.462229950	1.272889989
103.965	15:46:55.965	43.462229950	1.272889989
104.215	15:46:56.215	43.462229950	1.272889989
104.465	15:46:56.465	43.462229950	1.272889989
104.715	15:46:56.715	43.462229950	1.272889989
104.965	15:46:56.965	43.462229950	1.272889989
105.215	15:46:57.215	43.462229950	1.272889989
105.465	15:46:57.465	43.462229950	1.272889989
105.715	15:46:57.715	43.462229950	1.272889989
105.965	15:46:57.965	43.462229950	1.272889989
106.215	15:46:58.215	43.462229950	1.272889989
106.465	15:46:58.465	43.462229950	1.272889989
106.715	15:46:58.715	43.462229950	1.272889989
106.965	15:46:58.965	43.462229950	1.272889989
107.215	15:46:59.215	43.462229950	1.272889989
107.465	15:46:59.465	43.462229950	1.272889989
107.715	15:46:59.715	43.462229950	1.272889989
107.965	15:46:59.965	43.462229950	1.272889989
108.215	15:47:0.215	43.462229950	1.272889989
108.465	15:47:0.465	43.462229950	1.272889989
108.715	15:47:0.715	43.462229950	1.272889989
108.965	15:47:0.965	43.462229950	1.272889989
109.215	15:47:1.215	43.462229950	1.272889989
109.465	15:47:1.465	43.462229950	1.272889989
109.715	15:47:1.715	43.462229950	1.272889989
109.965	15:47:1.965	43.462229950	1.272889989
110.215	15:47:2.215	43.462229950	1.272889989
110.465	15:47:2.465	43.462229950	1.272889989
110.715	15:47:2.715	43.462229950	1.272889989
110.965	15:47:2.965	43.462229950	1.272889989
111.215	15:47:3.215	43.462229950	1.272889989
111.465	15:47:3.465	43.462229950	1.272889989
111.715	15:47:3.715	43.462229950	1.272889989
111.965	15:47:3.965	43.462229950	1.272889989
112.215	15:47:4.215	43.462229950	1.272889989
112.465	15:47:4.465	43.462229950	1.272889989
112.715	15:47:4.715	43.462229950	1.272889989
112.965	15:47:4.965	43.462229950	1.272889989
113.215	15:47:5.215	43.462229950	1.272889989
113.465	15:47:5.465	43.462229950	1.272889989
113.715	15:47:5.715	43.462229950	1.272889989
113.965	15:47:5.965	43.462229950	1.272889989
114.215	15:47:6.215	43.462229950	1.272889989
114.465	15:47:6.465	43.462229950	1.272889989
114.715	15:47:6.715	43.462229950	1.272889989
114.965	15:47:6.965	43.462229950	1.272889989
115.215	15:47:7.215	43.462229950	1.272889989
115.465	15:47:7.465	43.462229950	1.272889989
115.715	15:47:7.715	43.462229950	1.272889989
115.965	15:47:7.965	43.462229950	1.272889989
116.215	15:47:8.215	43.462229950	1.272889989
116.465	15:47:8.465	43.462229950	1.272889989
116.715	15:47:8.715	43.462229950	1.272889989
116.965	15:47:8.965	43.462229950	1.272889989
117.215	15:47:9.215	43.462229950	1.272889989
117.465	15:47:9.465	43.462229950	1.272889989
117.715	15:47:9.715	43.462229950	1.272889989
117.965	15:47:9.965	43.462229950	1.272889989
118.215	15:47:10.215	43.462229950	1.272889989
118.465	15:47:10.465	43.462229950	1.272889989
118.715	15:47:10.715	43.462229950	1.272889989
118.965	15:47:10.965	43.462229950	1.272889989
119.215	15:47:11.215	43.462229950	1.272889989
119.465	15:47:11.465	43.462229950	1.272889989
119.715	15:47:11.715	43.462229950	1.272889989
119.965	15:47:11.965	43.462229950	1.272889989
120.215	15:47:12.215	43.462229950	1.272889989
120.465	15:47:12.465	43.462229950	1.272889989
120.715	15:47:12.715	43.462229950	1.272889989
120.965	15:47:12.965	43.462229950	1.272889989
121.215	15:47:13.215	43.462229950	1.272889989
121.465	15:47:13.465	43.462229950	1.272889989
121.715	15:47:13.715	43.462229950	1.272889989
121.965	15:47:13.965	43.462229950	1.272889989
122.215	15:47:14.215	43.462229950	1.272889989
122.465	15:47:14.465	43.462229950	1.272889989
122.715	15:47:14.715	43.462229950	1.272889989
122.965	15:47:14.965	43.462229950	1.272889989
123.215	15:47:15.215	43.462229950	1.272889989
123.465	15:47:15.465	43.462229950	1.272889989
123.715	15:47:15.715	43.462229950	1.272889989
123.965	15:47:15.965	43.462229950	1.272889989
124.215	15:47:16.215	43.462229950	1.272889989
124.465	15:47:16.465	43.462229950	1.272889989
124.715	15:47:16.715	43.462229950	1.272889989
124.965	15:47:16.965	43.462229950	1.272889989
125.215	15:47:17.215	43.462229950	1.272889989
125.465	15:47:17.465	43.462229950	1.272889989
125.715	15:47:17.715	43.462229950	1.272889989
125.965	15:47:17.965	43.462229950	1.272889989
126.215	15:47:18.215	43.462229950	1.272889989
126.465	15:47:18.465	43.462229950	1.272889989
126.715	15:47:18.715	43.462229950	1.272889989
126.965	15:47:18.965	43.462229950	1.272889989
127.215	15:47:19.215	43.462229950	1.272889989
127.465	15:47:19.465	43.462229950	1.272889989
127.715	15:47:19.715	43.462229950	1.272889989
127.965	15:47:19.965	43.462229950	1.272889989
128.215	15:47:20.215	43.462229950	1.272889989
128.465	15:47:20.465	43.462229950	1.272889989
128.715	15:47:20.715	43.462229950	1.272889989
128.965	15:47:20.965	43.462229950	1.272889989
129.215	15:47:21.215	43.462229950	1.272889989
129.465	15:47:21.465	43.462229950	1.272889989
129.715	15:47:21.715	43.462229950	1.272889989
129.965	15:47:21.965	43.462229950	1.272889989
130.215	15:47:22.215	43.462229950	1.272889989
130.465	15:47:22.465	43.462229950	1.272889989
130.715	15:47:22.715	43.462229950	1.272889989
130.965	15:47:22.965	43.462229950	1.272889989
131.215	15:47:23.215	43.462229950	1.272889989
131.465	15:47:23.465	43.462229950	1.272889989
131.715	15:47:23.715	43.462229950	1.272889989
131.965	15:47:23.965	43.462229950	1.272889989
132.215	15:47:24.215	43.462229950	1.272889989
132.465	15:47:24.465	43.462229950	1.272889989
132.715	15:47:24.715	43.462229950	1.272889989
132.965	15:47:24.965	43.462229950	1.272889989
133.215	15:47:25.215	43.462229950	1.272889989
133.465	15:47:25.465	43.462229950	1.272889989
133.715	15:47:25.715	43.462229950	1.272889989
133.965	15:47:25.965	43.462229950	1.272889989
134.215	15:47:26.215	43.462229950	1.272889989
134.465	15:47:26.465	43.462229950	1.272889989
134.715	15:47:26.715	43.462229950	1.272889989
134.965	15:47:26.965	43.462229950	1.272889989
135.215	15:47:27.215	43.462229950	1.272889989
135.465	15:47:27.465	43.462229950	1.272889989
135.715	15:47:27.715	43.462229950	1.272889989
135.965	15:47:27.965	43.462229950	1.272889989
136.215	15:47:28.215	43.462229950	1.272889989
136.465	15:47:28.465	43.462229950	1.272889989
136.715	15:47:28.715	43.462229950	1.272889989
136.965	15:47:28.965	43.462229950	1.272889989
137.215	15:47:29.215	43.462229950	1.272889989
137.465	15:47:29.465	43.462229950	1.272889989
137.715	15:47:29.715	43.462229950	1.272889989
137.965	15:47:29.965	43.462229950	1.272889989
138.215	15:47:30.215	43.462229950	1.272889989
138.465	15:47:30.465	43.462229950	1.272889989
138.715	15:47:30.715	43.462229950	1.272889989
138.965	15:47:30.965	43.462229950	1.272889989
139.215	15:47:31.215	43.462229950	1.272889989
139.465	15:47:31.465	43.462229950	1.272889989
139.715	15:47:31.715	43.462229950	1.272889989
139.965	15:47:31.965	43.462229950	1.272889989
140.215	15:47:32.215	43.462229950	1.272889989
140.465	15:47:32.465	43.462229950	1.272889989
140.715	15:47:32.715	43.462229950	1.272889989
140.965	15:47:32.965	43.462229950	1.272889989
141.215	15:47:33.215	43.462229950	1.272889989
141.465	15:47:33.465	43.462229950	1.272889989
141.715	15:47:33.715	43.462229950	1.272889989
141.965	15:47:33.965	43.462229950	1.272889989
142.215	15:47:34.215	43.462229950	1.272889989
142.465	15:47:34.465	43.462229950	1.272889989
142.715	15:47:34.715	43.462229950	1.272889989
142.965	15:47:34.965	43.462229950	1.272889989
143.215	15:47:35.215	43.462229950	1.272889989
143.465	15:47:35.465	43.462229950	1.272889989
143.715	15:47:35.715	43.462229950	1.272889989
143.965	15:47:35.965	43.462229950	1.272889989
144.215	15:47:36.215	43.462229950	1.272889989
144.465	15:47:36.465	43.462229950	1.272889989
144.715	15:47:36.715	43.462229950	1.272889989
144.965	15:47:36.965	43.462229950	1.272889989
145.215	15:47:37.215	43.462229950	1.272889989
145.465	15:47:37.465	43.462229950	1.272889989
145.715	15:47:37.715	43.462229950	1.272889989
145.965	15:47:37.965	43.462229950	1.272889989
146.215	15:47:38.215	43.462229950	1.272889989
146.465	15:47:38.465	43.462229950	1.272889989
146.715	15:47:38.715	43.462229950	1.272889989
146.965	15:47:38.965	43.462229950	1.272889989
147.215	15:47:39.215	43.462229950	1.272889989
147.465	15:47:39.465	43.462229950	1.272889989
147.715	15:47:39.715	43.462229950	1.272889989
147.965	15:47:39.965	43.462229950	1.272889989
148.215	15:47:40.215	43.462229950	1.272889989
148.465	15:47:40.465	43.462229950	1.272889989
148.715	15:47:40.715	43.462229950	1.272889989
148.965	15:47:40.965	43.462229950	1.272889989
149.215	15:47:41.215	43.462229950	1.272889989
149.465	15:47:41.465	43.462229950	1.272889989
149.715	15:47:41.715	43.462229950	1.272889989
149.965	15:47:41.965	43.462229950	1.272889989
150.215	15:47:42.215	43.462229950	1.272889989
150.465	15:47:42.465	43.462229950	1.272889989
150.715	15:47:42.715	43.462229950	1.272889989
150.965	15:47:42.965	43.462229950	1.272889989
151.215	15:47:43.215	43.462229950	1.272889989
151.465	15:47:43.465	43.462229950	1.272889989
151.715	15:47:43.715	43.462229950	1.272889989
151.965	15:47:43.965	43.462229950	1.272889989
152.215	15:47:44.215	43.462229950	1.272889989
152.465	15:47:44.465	43.462229950	1.272889989
152.715	15:47:44.715	43.462229950	1.272889989
152.965	15:47:44.965	43.462229950	1.272889989
153.215	15:47:45.215	43.462229950	1.272889989
153.465	15:47:45.465	43.462229950	1.272889989
153.715	15:47:45.715	43.462229950	1.272889989
153.965	15:47:45.965	43.462229950	1.272889989
154.215	15:47:46.215	43.462229950	1.272889989
154.465	15:47:46.465	43.462229950	1.272889989
154.715	15:47:46.715	43.462229950	1.272889989
154.965	15:47:46.965	43.462229950	1.272889989
155.215	15:47:47.215	43.462229950	1.272889989
155.465	15:47:47.465	43.462229950	1.272889989
155.715	15:47:47.715	43.462229950	1.272889989
155.965	15:47:47.965	43.462229950	1.272889989
156.215	15:47:48.215	43.462229950	1.272889989
156.465	15:47:48.465	43.462229950	1.272889989
156.715	15:47:48.715	43.462229950	1.272889989
156.965	15:47:48.965	43.462229950	1.272889989
157.215	15:47:49.215	43.462229950	1.272889989
157.465	15:47:49.465	43.462229950	1.272889989
157.715	15:47:49.715	43.462229950	1.272889989
157.965	15:47:49.965	43.462229950	1.272889989
158.215	15:47:50.215	43.462229950	1.272889989
158.465	15:47:50.465	43.462229950	1.272889989
158.715	15:47:50.715	43.462229950	1.272889989
158.965	15:47:50.965	43.462229950	1.272889989
159.215	15:47:51.215	43.462229950	1.272889989
159.465	15:47:51.465	43.462229950	1.272889989
159.715	15:47:51.715	43.462229950	1.272889989
159.965	15:47:51.965	43.462229950	1.272889989
160.215	15:47:52.215	43.462229950	1.272889989
160.465	15:47:52.465	43.462229950	1.272889989
160.715	15:47:52.715	43.462229950	1.272889989
160.965	15:47:52.965	43.462229950	1.272889989
161.215	15:47:53.215	43.462229950	1.272889989
161.465	15:47:53.465	43.462229950	1.272889989
161.715	15:47:53.715	43.462229950	1.272889989
161.965	15:47:53.965	43.462229950	1.272889989
162.215	15:47:54.215	43.462229950	1.272889989
162.465	15:47:54.465	43.462229950	1.272889989
162.715	15:47:54.715	43.462229950	1.272889989
162.965	15:47:54.965	43.462229950	1.272889989
163.215	15:47:55.215	43.462229950	1.272889989
163.465	15:47:55.465	43.462229950	1.272889989
163.715	15:47:55.715	43.462229950	1.272889989
163.965	15:47:55.965	43.462229950	1.272889989
164.215	15:47:56.215	43.462229950	1.272889989
164.465	15:47:56.465	43.462229950	1.272889989
164.715	15:47:56.715	43.462229950	1.272889989
164.965	15:47:56.965	43.462229950	1.272889989
165.215	15:47:57.215	43.462229950	1.272889989
165.465	15:47:57.465	43.462229950	1.272889989
165.715	15:47:57.715	43.462229950	1.272889989
165.965	15:47:57.965	43.462229950	1.272889989
166.215	15:47:58.215	43.462229950	1.272889989
166.465	15:47:58.465	43.462229950	1.272889989
166.715	15:47:58.715	43.462229950	1.272889989
166.965	15:47:58.965	43.462229950	1.272889989
167.215	15:47:59.215	43.462229950	1.272889989
167.465	15:47:59.465	43.462229950	1.272889989
167.715	15:47:59.715	43.462229950	1.272889989
167.965	15:47:59.965	43.462229950	1.272889989
168.215	15:48:0.215	43.462229950	1.272889989
168.465	15:48:0.465	43.462229950	1.272889989
168.715	15:48:0.715	43.462229950	1.272889989
168.965	15:48:0.965	43.462229950	1.272889989
169.215	15:48:1.215	43.462229950	1.272889989
169.465	15:48:1.465	43.462229950	1.272889989
169.715	15:48:1.715	43.462229950	1.272889989
169.965	15:48:1.965	43.462229950	1.272889989
170.215	15:48:2.215	43.462229950	1.272889989
170.465	15:48:2.465	43.462229950	1.272889989
170.715	15:48:2.715	43.462229950	1.272889989
170.965	15:48:2.965	43.462229950	1.272889989
171.215	15:48:3.215	43.462229950	1.272889989
171.465	15:48:3.465	43.462229950	1.272889989
171.715	15:48:3.715	43.462229950	1.272889989
171.965	15:48:3.965	43.462229950	1.272889989
172.215	15:48:4.215	43.462229950	1.272889989
172.465	15:48:4.465	43.462229950	1.272889989
172.715	15:48:4.715	43.462229950	1.272889989
172.965	15:48:4.965	43.462229950	1.272889989
173.215	15:48:5.215	43.462229950	1.272889989
173.465	15:48:5.465	43.462229950	1.272889989
173.715	15:48:5.715	43.462229950	1.272889989
173.965	15:48:5.965	43.462229950	1.272889989
174.215	15:48:6.215	43.462229950	1.272889989
174.465	15:48:6.465	43.462229950	1.272889989
174.715	15:48:6.715	43.462229950	1.272889989
174.965	15:48:6.965	43.462229950	1.272889989
175.215	15:48:7.215	43.462229950	1.272889989
175.465	15:48:7.465	43.462229950	1.272889989
175.715	15:48:7.715	43.462229950	1.272889989
175.965	15:48:7.965	43.462229950	1.272889989
176.215	15:48:8.215	43.462229950	1.272889989
176.465	15:48:8.465	43.462229950	1.272889989
176.715	15:48:8.715	43.462229950	1.272889989
176.965	15:48:8.965	43.462229950	1.272889989
177.215	15:48:9.215	43.462229950	1.272889989
177.465	15:48:9.465	43.462229950	1.272889989
177.715	15:48:9.715	43.462229950	1.272889989
177.965	15:48:9.965	43.462229950	1.272889989
178.215	15:48:10.215	43.462229950	1.272889989
178.465	15:48:10.465	43.462229950	1.272889989
178.715	15:48:10.715	43.462229950	1.272889989
178.965	15:48:10.965	43.462229950	1.272889989
179.215	15:48:11.215	43.462229950	1.272889989
179.465	15:48:11.465	43.462229950	1.272889989
179.715	15:48:11.715	43.462229950	1.272889989
179.965	15:48:11.965	43.462229950	1.272889989
180.215	15:48:12.215	43.462229950	1.272889989
180.465	15:48:12.465	43.462229950	1.272889989
180.715	15:48:12.715	43.462229950	1.272889989
180.965	15:48:12.965	43.462229950	1.272889989
181.215	15:48:13.215	43.462229950	1.272889989
181.465	15:48:13.465	43.462229950	1.272889989
181.715	15:48:13.715	43.462229950	1.272889989
181.965	15:48:13.965	43.462229950	1.272889989
182.215	15:48:14.215	43.462229950	1.272889989
182.465	15:48:14.465	43.462229950	1.272889989
182.715	15:48:14.715	43.462229950	1.272889989
182.965	15:48:14.965	43.462229950	1.272889989
183.215	15:48:15.215	43.462229950	1.272889989
183.465	15:48:15.465	43.462229950	1.272889989
183.715	15:48:15.715	43.462229950	1.272889989
183.965	15:48:15.965	43.462229950	1.272889989
184.215	15:48:16.215	43.462229950	1.272889989
184.465	15:48:16.465	43.462229950	1.272889989
184.715	15:48:16.715	43.462229950	1.272889989
184.965	15:48:16.965	43.462229950	1.272889989
185.215	15:48:17.215	43.462229950	1.272889989
185.465	15:48:17.465	43.462229950	1.272889989
185.715	15:48:17.715	43.462229950	1.272889989
185.965	15:48:17.965	43.462229950	1.272889989
186.215	15:48:18.215	43.462229950	1.272889989
186.465	15:48:18.465	43.462229950	1.272889989
186.715	15:48:18.715	43.462229950	1.272889989
186.965	15:48:18.965	43.462229950	1.272889989
187.215	15:48:19.215	43.462229950	1.272889989
187.465	15:48:19.465	43.462229950	1.272889989
187.715	15:48:19.715	43.462229950	1.272889989
187.965	15:48:19.965	43.462229950	1.272889989
188.215	15:48:20.215	43.462229950	1.272889989
188.465	15:48:20.465	43.462229950	1.272889989
188.715	15:48:20.715	43.462229950	1.272889989
188.965	15:48:20.965	43.462229950	1.272889989
189.215	15:48:21.215	43.462229950	1.272889989
189.465	15:48:21.465	43.462229950	1.272889989
189.715	15:48:21.715	43.462229950	1.272889989
189.965	15:48:21.965	43.462229950	1.272889989
190.215	15:48:22.215	43.462229950	1.272889989
190.465	15:48:22.465	43.462229950	1.272889989
190.715	15:48:22.715	43.462229950	1.272889989
190.965	15:48:22.965	43.462229950	1.272889989
191.215	15:48:23.215	43.462229950	1.272889989
191.465	15:48:23.465	43.462229950	1.272889989
191.715	15:48:23.715	43.462229950	1.272889989
191.965	15:48:23.965	43.462229950	1.272889989
192.215	15:48:24.215	43.462229950	1.272889989
192.465	15:48:24.465	43.462229950	1.272889989
192.715	15:48:24.715	43.462229950	1.272889989
192.965	15:48:24.965	43.462229950	1.272889989
193.215	15:48:25.215	43.462229950	1.272889989
193.465	15:48:25.465	43.462229950	1.272889989
193.715	15:48:25.715	43.462229950	1.272889989
193.965	15:48:25.965	43.462229950	1.272889989
194.215	15:48:26.215	43.462229950	1.272889989
194.465	15:48:26.465	43.462229950	1.272889989
194.715	15:48:26.715	43.462229950	1.272889989
194.965	15:48:26.965	43.462229950	1.272889989
195.215	15:48:27.215	43.462229950	1.272889989
195.465	15:48:27.465	43.462229950	1.272889989
195.715	15:48:27.715	43.462229950	1.272889989
195.965	15:48:27.965	43.462229950	1.272889989
196.215	15:48:28.215	43.462229950	1.272889989
196.465	15:48:28.465	43.462229950	1.272889989
196.715	15:48:28.715	43.462229950	1.272889989
196.965	15:48:28.965	43.462229950	1.272889989
197.215	15:48:29.215	43.462229950	1.272889989
197.465	15:48:29.465	43.462229950	1.272889989
197.715	15:48:29.715	43.462229950	1.272889989
197.965	15:48:29.965	43.462229950	1.272889989
198.215	15:48:30.215	43.462229950	1.272889989
198.465	15:48:30.465	43.462229950	1.272889989
198.715	15:48:30.715	43.462229950	1.272889989
198.965	15:48:30.965	43.462229950	1.272889989
199.215	15:48:31.215	43.462229950	1.272889989
199.465	15:48:31.465	43.462229950	1.272889989
199.715	15:48:31.715	43.462229950	1.272889989
199.965	15:48:31.965	43.462229950	1.272889989
200.215	15:48:32.215	43.462229950	1.272889989
200.465	15:48:32.465	43.462229950	1.272889989
200.715	15:48:32.715	43.462229950	1.272889989
200.965	15:48:32.965	43.462229950	1.272889989
201.215	15:48:33.215	43.462229950	1.272889989
201.465	15:48:33.465	43.462229950	1.272889989
201.715	15:48:33.715	43.462229950	1.272889989
201.965	15:48:33.965	43.462229950	1.272889989
202.215	15:48:34.215	43.462229950	1.272889989
202.465	15:48:34.465	43.462229950	1.272889989
202.715	15:48:34.715	43.462229950	1.272889989
202.965	15:48:34.965	43.462229950	1.272889989
203.215	15:48:35.215	43.462229950	1.272889989
203.465	15:48:35.465	43.462229950	1.272889989
203.715	15:48:35.715	43.462229950	1.272889989
203.965	15:48:35.965	43.462229950	1.272889989
204.215	15:48:36.215	43.462229950	1.272889989
204.465	15:48:36.465	43.462229950	1.272889989
204.715	15:48:36.715	43.462229950	1.272889989
204.965	15:48:36.965	43.462229950	1.272889989
205.215	15:48:37.215	43.462229950	1.272889989
205.465	15:48:37.465	43.462229950	1.272889989
205.715	15:48:37.715	43.462229950	1.272889989
205.965	15:48:37.965	43.462229950	1.272889989
206.215	15:48:38.215	43.462229950	1.272889989
206.465	15:48:38.465	43.462229950	1.272889989
206.715	15:48:38.715	43.462229950	1.272889989
206.965	15:48:38.965	43.462229950	1.272889989
207.215	15:48:39.215	43.462229950	1.272889989
207.465	15:48:39.465	43.462229950	1.272889989
207.715	15:48:39.715	43.462229950	1.272889989
207.965	15:48:39.965	43.462229950	1.272889989
208.215	15:48:40.215	43.462229950	1.272889989
208.465	15:48:40.465	43.462229950	1.272889989
208.715	15:48:40.715	43.462229950	1.272889989
208.965	15:48:40.965	43.462229950	1.272889989
209.215	15:48:41.215	43.462229950	1.272889989
209.465	15:48:41.465	43.462229950	1.272889989
209.715	15:48:41.715	43.462229950	1.272889989
209.965	15:48:41.965	43.462229950	1.272889989
210.215	15:48:42.215	43.462229950	1.272889989
210.465	15:48:42.465	43.462229950	1.272889989
210.715	15:48:42.715	43.462229950	1.272889989
210.965	15:48:42.965	43.462229950	1.272889989
211.215	15:48:43.215	43.462229950	1.272889989
211.465	15:48:43.465	43.462229950	1.272889989
211.715	15:48:43.715	43.462229950	1.272889989
211.965	15:48:43.965	43.462229950	1.272889989
212.215	15:48:44.215	43.462229950	1.272889989
212.465	15:48:44.465	43.462229950	1.272889989
212.715	15:48:44.715	43.462229950	1.272889989
212.965	15:48:44.965	43.462229950	1.272889989
213.215	15:48:45.215	43.462229950	1.272889989
213.465	15:48:45.465	43.462229950	1.272889989
213.715	15:48:45.715	43.462229950	1.272889989
213.965	15:48:45.965	43.462229950	1.272889989
214.215	15:48:46.215	43.462229950	1.272889989
214.465	15:48:46.465	43.462229950	1.272889989
214.715	15:48:46.715	43.462229950	1.272889989
214.965	15:48:46.965	43.462229950	1.272889989
215.215	15:48:47.215	43.462229950	1.272889989
215.465	15:48:47.465	43.462229950	1.272889989
215.715	15:48:47.715	43.462229950	1.272889989
215.965	15:48:47.965	43.462229950	1.272889989
216.215	15:48:48.215	43.462229950	1.272889989
216.465	15:48:48.465	43.462229950	1.272889989
216.715	15:48:48.715	43.462229950	1.272889989
216.965	15:48:48.965	43.462229950	1.272889989
217.215	15:48:49.215	43.462229950	1.272889989
217.465	15:48:49.465	43.462229950	1.272889989
217.715	15:48:49.715	43.462229950	1.272889989
217.965	15:48:49.965	43.462229950	1.272889989
218.215	15:48:50.215	43.462229950	1.272889989
218.465	15:48:50.465	43.462229950	1.272889989
218.715	15:48:50.715	43.462229950	1.272889989
218.965	15:48:50.965	43.462229950	1.272889989
219.215	15:48:51.215	43.462229950	1.272889989
219.465	15:48:51.465	43.462229950	1.272889989
219.715	15:48:51.715	43.462229950	1.272889989
219.965	15:48:51.965	43.462229950	1.272889989
220.215	15:48:52.215	43.462229950	1.272889989
220.465	15:48:52.465	43.462229950	1.272889989
220.715	15:48:52.715	43.462229950	1.272889989
220.965	15:48:52.965	43.462229950	1.272889989
221.215	15:48:53.215	43.462229950	1.272889989
221.465	15:48:53.465	43.462229950	1.272889989
221.715	15:48:53.715	43.462229950	1.272889989
221.965	15:48:53.965	43.462229950	1.272889989
222.215	15:48:54.215	43.462229950	1.272889989
222.465	15:48:54.465	43.462229950	1.272889989
222.715	15:48:54.715	43.462229950	1.272889989
222.965	15:48:54.965	43.462229950	1.272889989
223.215	15:48:55.215	43.462229950	1.272889989
223.465	15:48:55.465	43.462229950	1.272889989
223.715	15:48:55.715	43.462229950	1.272889989
223.965	15:48:55.965	43.462229950	1.272889989
224.215	15:48:56.215	43.462229950	1.272889989
224.465	15:48:56.465	43.462229950	1.272889989
224.715	15:48:56.715	43.462229950	1.272889989
224.965	15:48:56.965	43.462229950	1.272889989
225.215	15:48:57.215	43.462229950	1.272889989
225.465	15:48:57.465	43.462229950	1.272889989
225.715	15:48:57.715	43.462229950	1.272889989
225.965	15:48:57.965	43.462229950	1.272889989
226.215	15:48:58.215	43.462229950	1.272889989
226.465	15:48:58.465	43.462229950	1.272889989
226.715	15:48:58.715	43.462229950	1.272889989
226.965	15:48:58.965	43.462229950	1.272889989
227.215	15:48:59.215	43.462229950	1.272889989
227.465	15:48:59.465	43.462229950	1.272889989
227.715	15:48:59.715	43.462229950	1.272889989
227.965	15:48:59.965	43.462229950	1.272889989
228.215	15:49:0.215	43.462229950	1.272889989
228.465	15:49:0.465	43.462229950	1.272889989
228.715	15:49:0.715	43.462229950	1.272889989
228.965	15:49:0.965	43.462229950	1.272889989
229.215	15:49:1.215	43.462229950	1.272889989
229.465	15:49:1.465	43.462229950	1.272889989
229.715	15:49:1.715	43.462229950	1.272889989
229.965	15:49:1.965	43.462229950	1.272889989
230.215	15:49:2.215	43.462229950	1.272889989
230.465	15:49:2.465	43.462229950	1.272889989
230.715	15:49:2.715	43.462229950	1.272889989
230.965	15:49:2.965	43.462229950	1.272889989
231.215	15:49:3.215	43.462229950	1.272889989
231.465	15:49:3.465	43.462229950	1.272889989
231.715	15:49:3.715	43.462229950	1.272889989
231.965	15:49:3.965	43.462229950	1.272889989
232.215	15:49:4.215	43.462229950	1.272889989
232.465	15:49:4.465	43.462229950	1.272889989
232.715	15:49:4.715	43.462229950	1.272889989
232.965	15:49:4.965	43.462229950	1.272889989
233.215	15:49:5.215	43.462229950	1.272889989
233.465	15:49:5.465	43.462229950	1.272889989
233.715	15:49:5.715	43.462229950	1.272889989
233.965	15:49:5.965	43.462229950	1.272889989
234.215	15:49:6.215	43.462229950	1.272889989
234.465	15:49:6.465	43.462229950	1.272889989
234.715	15:49:6.715	43.462229950	1.272889989
234.965	15:49:6.965	43.462229950	1.272889989
235.215	15:49:7.215	43.462229950	1.272889989
235.465	15:49:7.465	43.462229950	1.272889989
235.715	15:49:7.715	43.462229950	1.272889989
235.965	15:49:7.965	43.462229950	1.272889989
236.215	15:49:8.215	43.462229950	1.272889989
236.465	15:49:8.465	43.462229950	1.272889989
236.715	15:49:8.715	43.462229950	1.272889989
236.965	15:49:8.965	43.462229950	1.272889989
237.215	15:49:9.215	43.462229950	1.272889989
237.465	15:49:9.465	43.462229950	1.272889989
237.715	15:49:9.715	43.462229950	1.272889989
237.965	15:49:9.965	43.462229950	1.272889989
238.215	15:49:10.215	43.462229950	1.272889989
238.465	15:49:10.465	43.462229950	1.272889989
238.715	15:49:10.715	43.462229950	1.272889989
238.965	15:49:10.965	43.462229950	1.272889989
239.215	15:49:11.215	43.462229950	1.272889989
239.465	15:49:11.465	43.462229950	1.272889989
239.715	15:49:11.715	43.462229950	1.272889989
239.965	15:49:11.965	43.462229950	1.272889989
240.215	15:49:12.215	43.462229950	1.272889989
240.465	15:49:12.465	43.462229950	1.272889989
240.715	15:49:12.715	43.462229950	1.272889989
240.965	15:49:12.965	43.462229950	1.272889989
241.215	15:49:13.215	43.462229950	1.272889989
241.465	15:49:13.465	43.462229950	1.272889989
241.715	15:49:13.715	43.462229950	1.272889989
241.965	15:49:13.965	43.462229950	1.272889989
242.215	15:49:14.215	43.462229950	1.272889989
242.465	15:49:14.465	43.462229950	1.272889989
242.715	15:49:14.715	43.462229950	1.272889989
242.965	15:49:14.965	43.462229950	1.272889989
243.215	15:49:15.215	43.462229950	1.272889989
243.465	15:49:15.465	43.462229950	1.272889989
243.715	15:49:15.715	43.462229950	1.272889989
243.965	15:49:15.965	43.462229950	1.272889989
244.215	15:49:16.215	43.462229950	1.272889989
244.465	15:49:16.465	43.462229950	1.272889989
244.715	15:49:16.715	43.462229950	1.272889989
244.965	15:49:16.965	43.462229950	1.272889989
245.215	15:49:17.215	43.462229950	1.272889989
245.465	15:49:17.465	43.462229950	1.272889989
245.715	15:49:17.715	43.462229950	1.272889989
245.965	15:49:17.965	43.462229950	1.272889989
246.215	15:49:18.215	43.462229950	1.272889989
246.465	15:49:18.465	43.462229950	1.272889989
246.715	15:49:18.715	43.462229950	1.272889989
246.965	15:49:18.965	43.462229950	1.272889989
247.215	15:49:19.215	43.462229950	1.272889989
247.465	15:49:19.465	43.462229950	1.272889989
247.715	15:49:19.715	43.462229950	1.272889989
247.965	15:49:19.965	43.462229950	1.272889989
248.215	15:49:20.215	43.462229950	1.272889989
248.465	15:49:20.465	43.462229950	1.272889989
248.715	15:49:20.715	43.462229950	1.272889989
248.965	15:49:20.965	43.462229950	1.272889989
249.215	15:49:21.215	43.462229950	1.272889989
249.465	15:49:21.465	43.462229950	1.272889989
249.715	15:49:21.715	43.462229950	1.272889989
249.965	15:49:21.965	43.462229950	1.272889989
250.215	15:49:22.215	43.462229950	1.272889989
250.465	15:49:22.465	43.462229950	1.272889989
250.715	15:49:22.715	43.462229950	1.272889989
250.965	15:49:22.965	43.462229950	1.272889989
251.215	15:49:23.215	43.462229950	1.272889989
251.465	15:49:23.465	43.462229950	1.272889989
251.715	15:49:23.715	43.462229950	1.272889989
251.965	15:49:23.965	43.462229950	1.272889989
252.215	15:49:24.215	43.462229950	1.272889989
252.465	15:49:24.465	43.462229950	1.272889989
252.715	15:49:24.715	43.462229950	1.272889989
252.965	15:49:24.965	43.462229950	1.272889989
253.215	15:49:25.215	43.462229950	1.272889989
253.465	15:49:25.465	43.462229950	1.272889989
253.715	15:49:25.715	43.462229950	1.272889989
253.965	15:49:25.965	43.462229950	1.272889989
254.215	15:49:26.215	43.462229950	1.272889989
254.465	15:49:26.465	43.462229950	1.272889989
254.715	15:49:26.715	43.462229950	1.272889989
254.965	15:49:26.965	43.462229950	1.272889989
255.215	15:49:27.215	43.462229950	1.272889989
255.465	15:49:27.465	43.462229950	1.272889989
255.715	15:49:27.715	43.462229950	1.272889989
255.965	15:49:27.965	43.462229950	1.272889989
256.215	15:49:28.215	43.462229950	1.272889989
256.465	15:49:28.465	43.462229950	1.272889989
256.715	15:49:28.715	43.462229950	1.272889989
256.965	15:49:28.965	43.462229950	1.272889989
257.215	15:49:29.215	43.462229950	1.272889989
257.465	15:49:29.465	43.462229950	1.272889989
257.715	15:49:29.715	43.462229950	1.272889989
257.965	15:49:29.965	43.462229950	1.272889989
258.215	15:49:30.215	43.462229950	1.272889989
258.465	15:49:30.465	43.462229950	1.272889989
258.715	15:49:30.715	43.462229950	1.272889989
258.965	15:49:30.965	43.462229950	1.272889989
259.215	15:49:31.215	43.462229950	1.272889989
259.465	15:49:31.465	43.462229950	1.272889989
259.715	15:49:31.715	43.462229950	1.272889989
259.965	15:49:31.965	43.462229950	1.272889989
260.215	15:49:32.215	43.462229950	1.272889989
260.465	15:49:32.465	43.462229950	1.272889989
260.715	15:49:32.715	43.462229950	1.272889989
260.965	15:49:32.965	43.462229950	1.272889989
261.215	15:49:33.215	43.462229950	1.272889989
261.465	15:49:33.465	43.462229950	1.272889989
261.715	15:49:33.715	43.462229950	1.272889989
261.965	15:49:33.965	43.462229950	1.272889989
262.215	15:49:34.215	43.462229950	1.272889989
262.465	15:49:34.465	43.462229950	1.272889989
262.715	15:49:34.715	43.462229950	1.272889989
262.965	15:49:34.965	43.462229950	1.272889989
263.215	15:49:35.215	43.462229950	1.272889989
263.465	15:49:35.465	43.462229950	1.272889989
263.715	15:49:35.715	43.462229950	1.272889989
263.965	15:49:35.965	43.462229950	1.272889989
264.215	15:49:36.215	43.462229950	1.272889989
264.465	15:49:36.465	43.462229950	1.272889989
264.715	15:49:36.715	43.462229950	1.272889989
264.965	15:49:36.965	43.462229950	1.272889989
265.215	15:49:37.215	43.462229950	1.272889989
265.465	15:49:37.465	43.462229950	1.272889989
265.715	15:49:37.715	43.462229950	1.272889989
265.965	15:49:37.965	43.462229950	1.272889989
266.215	15:49:38.215	43.462229950	1.272889989
266.465	15:49:38.465	43.462229950	1.272889989
266.715	15:49:38.715	43.462229950	1.272889989
266.965	15:49:38.965	43.462229950	1.272889989
267.215	15:49:39.215	43.462229950	1.272889989
267.465	15:49:39.465	43.462229950	1.272889989
267.715	15:49:39.715	43.462229950	1.272889989
267.965	15:49:39.965	43.462229950	1.272889989
268.215	15:49:40.215	43.462229950	1.272889989
268.465	15:49:40.465	43.462229950	1.272889989
268.715	15:49:40.715	43.462229950	1.272889989
268.965	15:49:40.965	43.462229950	1.272889989
269.215	15:49:41.215	43.462229950	1.272889989
269.465	15:49:41.465	43.462229950	1.272889989
269.715	15:49:41.715	43.462229950	1.272889989
269.965	15:49:41.965	43.462229950	1.272889989
270.215	15:49:42.215	43.462229950	1.272889989
270.465	15:49:42.465	43.462229950	1.272889989
270.715	15:49:42.715	43.462229950	1.272889989
270.965	15:49:42.965	43.462229950	1.272889989
271.215	15:49:43.215	43.462229950	1.272889989
271.465	15:49:43.465	43.462229950	1.272889989
271.715	15:49:43.715	43.462229950	1.272889989
271.965	15:49:43.965	43.462229950	1.272889989
272.215	15:49:44.215	43.462229950	1.272889989
272.465	15:49:44.465	43.462229950	1.272889989
272.715	15:49:44.715	43.462229950	1.272889989
272.965	15:49:44.965	43.462229950	1.272889989
273.215	15:49:45.215	43.462229950	1.272889989
273.465	15:49:45.465	43.462229950	1.272889989
273.715	15:49:45.715	43.462229950	1.272889989
273.965	15:49:45.965	43.462229950	1.272889989
274.215	15:49:46.215	43.462229950	1.272889989
274.465	15:49:46.465	43.462229950	1.272889989
274.715	15:49:46.715	43.462229950	1.272889989
274.965	15:49:46.965	43.462229950	1.272889989
275.215	15:49:47.215	43.462229950	1.272889989
275.465	15:49:47.465	43.462229950	1.272889989
275.715	15:49:47.715	43.462229950	1.272889989
275.965	15:49:47.965	43.462229950	1.272889989
276.215	15:49:48.215	43.462229950	1.272889989
276.465	15:49:48.465	43.462229950	1.272889989
276.715	15:49:48.715	43.462229950	1.272889989
276.965	15:49:48.965	43.462229950	1.272889989
277.215	15:49:49.215	43.462229950	1.272889989
277.465	15:49:49.465	43.462229950	1.272889989
277.715	15:49:49.715	43.462229950	1.272889989
277.965	15:49:49.965	43.462229950	1.272889989
278.215	15:49:50.215	43.462229950	1.272889989
278.465	15:49:50.465	43.462229950	1.272889989
278.715	15:49:50.715	43.462229950	1.272889989
278.965	15:49:50.965	43.462229950	1.272889989
279.215	15:49:51.215	43.462229950	1.272889989
279.465	15:49:51.465	43.462229950	1.272889989
279.715	15:49:51.715	43.462229950	1.272889989
279.965	15:49:51.965	43.462229950	1.272889989
280.215	15:49:52.215	43.462229950	1.272889989
280.465	15:49:52.465	43.462229950	1.272889989
280.715	15:49:52.715	43.462229950	1.272889989
280.965	15:49:52.965	43.462229950	1.272889989
281.215	15:49:53.215	43.462229950	1.272889989
281.465	15:49:53.465	43.462229950	1.272889989
281.715	15:49:53.715	43.462229950	1.272889989
281.965	15:49:53.965	43.462229950	1.272889989
282.215	15:49:54.215	43.462229950	1.272889989
282.465	15:49:54.465	43.462229950	1.272889989
282.715	15:49:54.715	43.462229950	1.272889989
282.965	15:49:54.965	43.462229950	1.272889989
283.215	15:49:55.215	43.462229950	1.272889989
283.465	15:49:55.465	43.462229950	1.272889989
283.715	15:49:55.715	43.462229950	1.272889989
283.965	15:49:55.965	43.462229950	1.272889989
284.215	15:49:56.215	43.462229950	1.272889989
284.465	15:49:56.465	43.462229950	1.272889989
284.715	15:49:56.715	43.462229950	1.272889989
284.965	15:49:56.965	43.462229950	1.272889989
285.215	15:49:57.215	43.462229950	1.272889989
285.465	15:49:57.465	43.462229950	1.272889989
285.715	15:49:57.715	43.462229950	1.272889989
285.965	15:49:57.965	43.462229950	1.272889989
286.215	15:49:58.215	43.462229950	1.272889989
286.465	15:49:58.465	43.462229950	1.272889989
286.715	15:49:58.715	43.462229950	1.272889989
286.965	15:49:58.965	43.462229950	1.272889989
287.215	15:49:59.215	43.462229950	1.272889989
287.465	15:49:59.465	43.462229950	1.272889989
287.715	15:49:59.715	43.462229950	1.272889989
287.965	15:49:59.965	43.462229950	1.272889989
288.215	15:50:0.215	43.462229950	1.272889989
288.465	15:50:0.465	43.462229950	1.272889989
288.715	15:50:0.715	43.462229950	1.272889989
288.965	15:50:0.965	43.462229950	1.272889989
289.215	15:50:1.215	43.462229950	1.272889989
289.465	15:50:1.465	43.462229950	1.272889989
289.715	15:50:1.715	43.462229950	1.272889989
289.965	15:50:1.965	43.462229950	1.272889989
290.215	15:50:2.215	43.462229950	1.272889989
290.465	15:50:2.465	43.462229950	1.272889989
290.715	15:50:2.715	43.462229950	1.272889989
290.965	15:50:2.965	43.462229950	1.272889989
291.215	15:50:3.215	43.462229950	1.272889989
291.465	15:50:3.465	43.462229950	1.272889989
291.715	15:50:3.715	43.462229950	1.272889989
291.965	15:50:3.965	43.462229950	1.272889989
292.215	15:50:4.215	43.462229950	1.272889989
292.465	15:50:4.465	43.462229950	1.272889989
292.715	15:50:4.715	43.462229950	1.272889989
292.965	15:50:4.965	43.462229950	1.272889989
293.215	15:50:5.215	43.462229950	1.272889989
293.465	15:50:5.465	43.462229950	1.272889989
293.715	15:50:5.715	43.462229950	1.272889989
293.965	15:50:5.965	43.462229950	1.272889989
294.215	15:50:6.215	43.462229950	1.272889989
294.465	15:50:6.465	43.462229950	1.272889989
294.715	15:50:6.715	43.462229950	1.272889989
294.965	15:50:6.965	43.462229950	1.272889989
295.215	15:50:7.215	43.462229950	1.272889989
295.465	15:50:7.465	43.462229950	1.272889989
295.715	15:50:7.715	43.462229950	1.272889989
295.965	15:50:7.965	43.462229950	1.272889989
296.215	15:50:8.215	43.462229950	1.272889989
296.465	15:50:8.465	43.462229950	1.272889989
296.715	15:50:8.715	43.462229950	1.272889989
296.965	15:50:8.965	43.462229950	1.272889989
297.215	15:50:9.215	43.462229950	1.272889989
297.465	15:50:9.465	43.462229950	1.272889989
297.715	15:50:9.715	43.462229950	1.272889989
297.965	15:50:9.965	43.462229950	1.272889989
298.215	15:50:10.215	43.462229950	1.272889989
298.465	15:50:10.465	43.462229950	1.272889989
298.715	15:50:10.715	43.462229950	1.272889989
298.965	15:50:10.965	43.462229950	1.272889989
299.215	15:50:11.215	43.462229950	1.272889989
299.465	15:50:11.465	43.462229950	1.272889989
299.715	15:50:11.715	43.462229950	1.272889989
299.965	15:50:11.965	43.462229950	1.272889989
300.215	15:50:12.215	43.462229950	1.272889989
300.465	15:50:12.465	43.462229950	1.272889989
300.715	15:50:12.715	43.462229950	1.272889989
300.965	15:50:12.965	43.462229950	1.272889989
301.215	15:50:13.215	43.462229950	1.272889989
301.465	15:50:13.465	43.462229950	1.272889989
301.715	15:50:13.715	43.462229950	1.272889989
301.965	15:50:13.965	43.462229950	1.272889989
302.215	15:50:14.215	43.462229950	1.272889989
302.465	15:50:14.465	43.462229950	1.272889989
302.715	15:50:14.715	43.462229950	1.272889989
302.965	15:50:14.965	43.462229950	1.272889989
303.215	15:50:15.215	43.462229950	1.272889989
303.465	15:50:15.465	43.462229950	1.272889989
303.715	15:50:15.715	43.462229950	1.272889989
303.965	15:50:15.965	43.462229950	1.272889989
304.215	15:50:16.215	43.462229950	1.272889989
304.465	15:50:16.465	43.462229950	1.272889989
304.715	15:50:16.715	43.462229950	1.272889989
304.965	15:50:16.965	43.462229950	1.272889989
305.215	15:50:17.215	43.462229950	1.272889989
305.465	15:50:17.465	43.462229950	1.272889989
305.715	15:50:17.715	43.462229950	1.272889989
305.965	15:50:17.965	43.462229950	1.272889989
306.215	15:50:18.215	43.462229950	1.272889989
306.465	15:50:18.465	43.462229950	1.272889989
306.715	15:50:18.715	43.462229950	1.272889989
306.965	15:50:18.965	43.462229950	1.272889989
307.215	15:50:19.215	43.462229950	1.272889989
307.465	15:50:19.465	43.462229950	1.272889989
307.715	15:50:19.715	43.462229950	1.272889989
307.965	15:50:19.965	43.462229950	1.272889989
308.215	15:50:20.215	43.462229950	1.272889989
308.465	15:50:20.465	43.462229950	1.272889989
308.715	15:50:20.715	43.462229950	1.272889989
308.965	15:50:20.965	43.462229950	1.272889989
309.215	15:50:21.215	43.462229950	1.272889989
309.465	15:50:21.465	43.462229950	1.272889989
309.715	15:50:21.715	43.462229950	1.272889989
309.965	15:50:21.965	43.462229950	1.272889989
310.215	15:50:22.215	43.462229950	1.272889989
310.465	15:50:22.465	43.462229950	1.272889989
310.715	15:50:22.715	43.462229950	1.272889989
310.965	15:50:22.965	43.462229950	1.272889989
311.215	15:50:23.215	43.462229950	1.272889989
311.465	15:50:23.465	43.462229950	1.272889989
311.715	15:50:23.715	43.462229950	1.272889989
311.965	15:50:23.965	43.462229950	1.272889989
312.215	15:50:24.215	43.462229950	1.272889989
312.465	15:50:24.465	43.462229950	1.272889989
312.715	15:50:24.715	43.462229950	1.272889989
312.965	15:50:24.965	43.462229950	1.272889989
313.215	15:50:25.215	43.462229950	1.272889989
313.465	15:50:25.465	43.462229950	1.272889989
313.715	15:50:25.715	43.462229950	1.272889989
313.965	15:50:25.965	43.462229950	1.272889989
314.215	15:50:26.215	43.462229950	1.272889989
314.465	15:50:26.465	43.462229950	1.272889989
314.715	15:50:26.715	43.462229950	1.272889989
314.965	15:50:26.965	43.462229950	1.272889989
315.215	15:50:27.215	43.462229950	1.272889989
315.465	15:50:27.465	43.462229950	1.272889989
315.715	15:50:27.715	43.462229950	1.272889989
315.965	15:50:27.965	43.462229950	1.272889989
316.215	15:50:28.215	43.462229950	1.272889989
316.465	15:50:28.465	43.462229950	1.272889989
316.715	15:50:28.715	43.462229950	1.272889989
316.965	15:50:28.965	43.462229950	1.272889989
317.215	15:50:29.215	43.462229950	1.272889989
317.465	15:50:29.465	43.462229950	1.272889989
317.715	15:50:29.715	43.462229950	1.272889989
317.965	15:50:29.965	43.462229950	1.272889989
318.215	15:50:30.215	43.462229950	1.272889989
318.465	15:50:30.465	43.462229950	1.272889989
318.715	15:50:30.715	43.462229950	1.272889989
318.965	15:50:30.965	43.462229950	1.272889989
319.215	15:50:31.215	43.462229950	1.272889989
319.465	15:50:31.465	43.462229950	1.272889989
319.715	15:50:31.715	43.462229950	1.272889989
319.965	15:50:31.965	43.462229950	1.272889989
320.215	15:50:32.215	43.462229950	1.272889989
320.465	15:50:32.465	43.462229950	1.272889989
320.715	15:50:32.715	43.462229950	1.272889989
320.965	15:50:32.965	43.462229950	1.272889989
321.215	15:50:33.215	43.462229950	1.272889989
321.465	15:50:33.465	43.462229950	1.272889989
321.715	15:50:33.715	43.462229950	1.272889989
321.965	15:50:33.965	43.462229950	1.272889989
322.215	15:50:34.215	43.462229950	1.272889989
322.465	15:50:34.465	43.462229950	1.272889989
322.715	15:50:34.715	43.462229950	1.272889989
322.965	15:50:34.965	43.462229950	1.272889989
323.215	15:50:35.215	43.462229950	1.272889989
323.465	15:50:35.465	43.462229950	1.272889989
323.715	15:50:35.715	43.462229950	1.272889989
323.965	15:50:35.965	43.462229950	1.272889989
324.215	15:50:36.215	43.462229950	1.272889989
324.465	15:50:36.465	43.462229950	1.272889989
324.715	15:50:36.715	43.462229950	1.272889989
324.965	15:50:36.965	43.462229950	1.272889989
325.215	15:50:37.215	43.462229950	1.272889989
325.465	15:50:37.465	43.462229950	1.272889989
325.715	15:50:37.715	43.462229950	1.272889989
325.965	15:50:37.965	43.462229950	1.272889989
326.215	15:50:38.215	43.462229950	1.272889989
326.465	15:50:38.465	43.462229950	1.272889989
326.715	15:50:38.715	43.462229950	1.272889989
326.965	15:50:38.965	43.462229950	1.272889989
327.215	15:50:39.215	43.462229950	1.272889989
327.465	15:50:39.465	43.462229950	1.272889989
327.715	15:50:39.715	43.462229950	1.272889989
327.965	15:50:39.965	43.462229950	1.272889989
328.215	15:50:40.215	43.462229950	1.272889989
328.465	15:50:40.465	43.462229950	1.272889989
328.715	15:50:40.715	43.462229950	1.272889989
328.965	15:50:40.965	43.462229950	1.272889989
329.215	15:50:41.215	43.462229950	1.272889989
329.465	15:50:41.465	43.462229950	1.272889989
329.715	15:50:41.715	43.462229950	1.272889989
329.965	15:50:41.965	43.462229950	1.272889989
330.215	15:50:42.215	43.462229950	1.272889989
330.465	15:50:42.465	43.462229950	1.272889989
330.715	15:50:42.715	43.462229950	1.272889989
330.965	15:50:42.965	43.462229950	1.272889989
331.215	15:50:43.215	43.462229950	1.272889989
331.465	15:50:43.465	43.462229950	1.272889989
331.715	15:50:43.715	43.462229950	1.272889989
331.965	15:50:43.965	43.462229950	1.272889989
332.215	15:50:44.215	43.462229950	1.272889989
332.465	15:50:44.465	43.462229950	1.272889989
332.715	15:50:44.715	43.462229950	1.272889989
332.965	15:50:44.965	43.462229950	1.272889989
333.215	15:50:45.215	43.462229950	1.272889989
333.465	15:50:45.465	43.462229950	1.272889989
333.715	15:50:45.715	43.462229950	1.272889989
333.965	15:50:45.965	43.462229950	1.272889989
334.215	15:50:46.215	43.462229950	1.272889989
334.465	15:50:46.465	43.462229950	1.272889989
334.715	15:50:46.715	43.462229950	1.272889989
334.965	15:50:46.965	43.462229950	1.272889989
335.215	15:50:47.215	43.462229950	1.272889989
335.465	15:50:47.465	43.462229950	1.272889989
335.715	15:50:47.715	43.462229950	1.272889989
335.965	15:50:47.965	43.462229950	1.272889989
336.215	15:50:48.215	43.462229950	1.272889989
336.465	15:50:48.465	43.462229950	1.272889989
336.715	15:50:48.715	43.462229950	1.272889989
336.965	15:50:48.965	43.462229950	1.272889989
337.215	15:50:49.215	43.462229950	1.272889989
337.465	15:50:49.465	43.462229950	1.272889989
337.715	15:50:49.715	43.462229950	1.272889989
337.965	15:50:49.965	43.462229950	1.272889989
338.215	15:50:50.215	43.462229950	1.272889989
338.465	15:50:50.465	43.462229950	1.272889989
338.715	15:50:50.715	43.462229950	1.272889989
338.965	15:50:50.965	43.462229950	1.272889989
339.215	15:50:51.215	43.462229950	1.272889989
339.465	15:50:51.465	43.462229950	1.272889989
339.715	15:50:51.715	43.462229950	1.272889989
339.965	15:50:51.965	43.462229950	1.272889989
340.215	15:50:52.215	43.462229950	1.272889989
340.465	15:50:52.465	43.462229950	1.272889989
340.715	15:50:52.715	43.462229950	1.272889989
340.965	15:50:52.965	43.462229950	1.272889989
341.215	15:50:53.215	43.462229950	1.272889989
341.465	15:50:53.465	43.462229950	1.272889989
341.715	15:50:53.715	43.462229950	1.272889989
341.965	15:50:53.965	43.462229950	1.272889989
342.215	15:50:54.215	43.462229950	1.272889989
342.465	15:50:54.465	43.462229950	1.272889989
342.715	15:50:54.715	43.462229950	1.272889989
342.965	15:50:54.965	43.462229950	1.272889989
343.215	15:50:55.215	43.462229950	1.272889989
343.465	15:50:55.465	43.462229950	1.272889989
343.715	15:50:55.715	43.462229950	1.272889989
343.965	15:50:55.965	43.462229950	1.272889989
344.215	15:50:56.215	43.462229950	1.272889989
344.465	15:50:56.465	43.462229950	1.272889989
344.715	15:50:56.715	43.462229950	1.272889989
344.965	15:50:56.965	43.462229950	1.272889989
345.215	15:50:57.215	43.462229950	1.272889989
345.465	15:50:57.465	43.462229950	1.272889989
345.715	15:50:57.715	43.462229950	1.272889989
345.965	15:50:57.965	43.462229950	1.272889989
346.215	15:50:58.215	43.462229950	1.272889989
346.465	15:50:58.465	43.462229950	1.272889989
346.715	15:50:58.715	43.462229950	1.272889989
346.965	15:50:58.965	43.462229950	1.272889989
347.215	15:50:59.215	43.462229950	1.272889989
347.465	15:50:59.465	43.462229950	1.272889989
347.715	15:50:59.715	43.462229950	1.272889989
347.965	15:50:59.965	43.462229950	1.272889989
348.215	15:51:0.215	43.462229950	1.272889989
348.465	15:51:0.465	43.462229950	1.272889989
348.715	15:51:0.715	43.462229950	1.272889989
348.965	15:51:0.965	43.462229950	1.272889989
349.215	15:51:1.215	43.462229950	1.272889989
349.465	15:51:1.465	43.462229950	1.272889989
349.715	15:51:1.715	43.462229950	1.272889989
349.965	15:51:1.965	43.462229950	1.272889989
350.215	15:51:2.215	43.462229950	1.272889989
350.465	15:51:2.465	43.462229950	1.272889989
350.715	15:51:2.715	43.462229950	1.272889989
350.965	15:51:2.965	43.462229950	1.272889989
351.215	15:51:3.215	43.462229950	1.272889989
351.465	15:51:3.465	43.462229950	1.272889989
351.715	15:51:3.715	43.462229950	1.272889989
351.965	15:51:3.965	43.462229950	1.272889989
352.215	15:51:4.215	43.462229950	1.272889989
352.465	15:51:4.465	43.462229950	1.272889989
352.715	15:51:4.715	43.462229950	1.272889989
352.965	15:51:4.965	43.462229950	1.272889989
353.215	15:51:5.215	43.462229950	1.272889989
353.465	15:51:5.465	43.462229950	1.272889989
353.715	15:51:5.715	43.462229950	1.272889989
353.965	15:51:5.965	43.462229950	1.272889989
354.215	15:51:6.215	43.462229950	1.272889989
354.465	15:51:6.465	43.462229950	1.272889989
354.715	15:51:6.715	43.462229950	1.272889989
354.965	15:51:6.965	43.462229950	1.272889989
355.215	15:51:7.215	43.462229950	1.272889989
355.465	15:51:7.465	43.462229950	1.272889989
355.715	15:51:7.715	43.462229950	1.272889989
355.965	15:51:7.965	43.462229950	1.272889989
356.215	15:51:8.215	43.462229950	1.272889989
356.465	15:51:8.465	43.462229950	1.272889989
356.715	15:51:8.715	43.462229950	1.272889989
356.965	15:51:8.965	43.462229950	1.272889989
357.215	15:51:9.215	43.462229950	1.272889989
357.465	15:51:9.465	43.462229950	1.272889989
357.715	15:51:9.715	43.462229950	1.272889989
357.965	15:51:9.965	43.462229950	1.272889989
358.215	15:51:10.215	43.462229950	1.272889989
358.465	15:51:10.465	43.462229950	1.272889989
358.715	15:51:10.715	43.462229950	1.272889989
358.965	15:51:10.965	43.462229950	1.272889989
359.215	15:51:11.215	43.462229950	1.272889989
359.465	15:51:11.465	43.462229950	1.272889989
359.715	15:51:11.715	43.462229950	1.272889989
359.965	15:51:11.965	43.462229950	1.272889989
360.215	15:51:12.215	43.462229950	1.272889989
360.465	15:51:12.465	43.462229950	1.272889989
360.715	15:51:12.715	43.462229950	1.272889989
360.965	15:51:12.965	43.462229950	1.272889989
361.215	15:51:13.215	43.462229950	1.272889989
361.465	15:51:13.465	43.462229950	1.272889989
361.715	15:51:13.715	43.462229950	1.272889989
361.965	15:51:13.965	43.462229950	1.272889989
362.215	15:51:14.215	43.462229950	1.272889989
362.465	15:51:14.465	43.462229950	1.272889989
362.715	15:51:14.715	43.462229950	1.272889989
362.965	15:51:14.965	43.462229950	1.272889989
363.215	15:51:15.215	43.462229950	1.272889989
363.465	15:51:15.465	43.462229950	1.272889989
363.715	15:51:15.715	43.462229950	1.272889989
363.965	15:51:15.965	43.462229950	1.272889989
364.215	15:51:16.215	43.462229950	1.272889989
364.465	15:51:16.465	43.462229950	1.272889989
364.715	15:51:16.715	43.462229950	1.272889989
364.965	15:51:16.965	43.462229950	1.272889989
365.215	15:51:17.215	43.462229950	1.272889989
365.465	15:51:17.465	43.462229950	1.272889989
365.715	15:51:17.715	43.462229950	1.272889989
365.965	15:51:17.965	43.462229950	1.272889989
366.215	15:51:18.215	43.462229950	1.272889989
366.465	15:51:18.465	43.462229950	1.272889989
366.715	15:51:18.715	43.462229950	1.272889989
366.965	15:51:18.965	43.462229950	1.272889989
367.215	15:51:19.215	43.462229950	1.272889989
367.465	15:51:19.465	43.462229950	1.272889989
367.715	15:51:19.715	43.462229950	1.272889989
367.965	15:51:19.965	43.462229950	1.272889989
368.215	15:51:20.215	43.462229950	1.272889989
368.465	15:51:20.465	43.462229950	1.272889989
368.715	15:51:20.715	43.462229950	1.272889989
368.965	15:51:20.965	43.462229950	1.272889989
369.215	15:51:21.215	43.462229950	1.272889989
369.465	15:51:21.465	43.462229950	1.272889989
369.715	15:51:21.715	43.462229950	1.272889989
369.965	15:51:21.965	43.462229950	1.272889989
370.215	15:51:22.215	43.462229950	1.272889989
370.465	15:51:22.465	43.462229950	1.272889989
370.715	15:51:22.715	43.462229950	1.272889989
370.965	15:51:22.965	43.462229950	1.272889989
371.215	15:51:23.215	43.462229950	1.272889989
371.465	15:51:23.465	43.462229950	1.272889989
371.715	15:51:23.715	43.462229950	1.272889989
371.965	15:51:23.965	43.462229950	1.272889989
372.215	15:51:24.215	43.462229950	1.272889989
372.465	15:51:24.465	43.462229950	1.272889989
372.715	15:51:24.715	43.462229950	1.272889989
372.965	15:51:24.965	43.462229950	1.272889989
373.215	15:51:25.215	43.462229950	1.272889989
373.465	15:51:25.465	43.462229950	1.272889989
373.715	15:51:25.715	43.462229950	1.272889989
373.965	15:51:25.965	43.462229950	1.272889989
374.215	15:51:26.215	43.462229950	1.272889989
374.465	15:51:26.465	43.462229950	1.272889989
374.715	15:51:26.715	43.462229950	1.272889989
374.965	15:51:26.965	43.462229950	1.272889989
375.215	15:51:27.215	43.462229950	1.272889989
375.465	15:51:27.465	43.462229950	1.272889989
375.715	15:51:27.715	43.462229950	1.272889989
375.965	15:51:27.965	43.462229950	1.272889989
376.215	15:51:28.215	43.462229950	1.272889989
376.465	15:51:28.465	43.462229950	1.272889989
376.715	15:51:28.715	43.462229950	1.272889989
376.965	15:51:28.965	43.462229950	1.272889989
377.215	15:51:29.215	43.462229950	1.272889989
377.465	15:51:29.465	43.462229950	1.272889989
377.715	15:51:29.715	43.462229950	1.272889989
377.965	15:51:29.965	43.462229950	1.272889989
378.215	15:51:30.215	43.462229950	1.272889989
378.465	15:51:30.465	43.462229950	1.272889989
378.715	15:51:30.715	43.462229950	1.272889989
378.965	15:51:30.965	43.462229950	1.272889989
379.215	15:51:31.215	43.462229950	1.272889989
379.465	15:51:31.465	43.462229950	1.272889989
379.715	15:51:31.715	43.462229950	1.272889989
379.965	15:51:31.965	43.462229950	1.272889989
380.215	15:51:32.215	43.462229950	1.272889989
380.465	15:51:32.465	43.462229950	1.272889989
380.715	15:51:32.715	43.462229950	1.272889989
380.965	15:51:32.965	43.462229950	1.272889989
381.215	15:51:33.215	43.462229950	1.272889989
381.465	15:51:33.465	43.462229950	1.272889989
381.715	15:51:33.715	43.462229950	1.272889989
381.965	15:51:33.965	43.462229950	1.272889989
382.215	15:51:34.215	43.462229950	1.272889989
382.465	15:51:34.465	43.462229950	1.272889989
382.715	15:51:34.715	43.462229950	1.272889989
382.965	15:51:34.965	43.462229950	1.272889989
383.215	15:51:35.215	43.462229950	1.272889989
383.465	15:51:35.465	43.462229950	1.272889989
383.715	15:51:35.715	43.462229950	1.272889989
383.965	15:51:35.965	43.462229950	1.272889989
384.215	15:51:36.215	43.462229950	1.272889989
384.465	15:51:36.465	43.462229950	1.272889989
384.715	15:51:36.715	43.462229950	1.272889989
384.965	15:51:36.965	43.462229950	1.272889989
385.215	15:51:37.215	43.462229950	1.272889989
385.465	15:51:37.465	43.462229950	1.272889989
385.715	15:51:37.715	43.462229950	1.272889989
385.965	15:51:37.965	43.462229950	1.272889989
386.215	15:51:38.215	43.462229950	1.272889989
386.465	15:51:38.465	43.462229950	1.272889989
386.715	15:51:38.715	43.462229950	1.272889989
386.965	15:51:38.965	43.462229950	1.272889989
387.215	15:51:39.215	43.462229950	1.272889989
387.465	15:51:39.465	43.462229950	1.272889989
387.715	15:51:39.715	43.462229950	1.272889989
387.965	15:51:39.965	43.462229950	1.272889989
388.215	15:51:40.215	43.462229950	1.272889989
388.465	15:51:40.465	43.462229950	1.272889989
388.715	15:51:40.715	43.462229950	1.272889989
388.965	15:51:40.965	43.462229950	1.272889989
389.215	15:51:41.215	43.462229950	1.272889989
389.465	15:51:41.465	43.462229950	1.272889989
389.715	15:51:41.715	43.462229950	1.272889989
389.965	15:51:41.965	43.462229950	1.272889989
390.215	15:51:42.215	43.462229950	1.272889989
390.465	15:51:42.465	43.462229950	1.272889989
390.715	15:51:42.715	43.462229950	1.272889989
390.965	15:51:42.965	43.462229950	1.272889989
391.215	15:51:43.215	43.462229950	1.272889989
391.465	15:51:43.465	43.462229950	1.272889989
391.715	15:51:43.715	43.462229950	1.272889989
391.965	15:51:43.965	43.462229950	1.272889989
392.215	15:51:44.215	43.462229950	1.272889989
392.465	15:51:44.465	43.462229950	1.272889989
392.715	15:51:44.715	43.462229950	1.272889989
392.965	15:51:44.965	43.462229950	1.272889989
393.215	15:51:45.215	43.462229950	1.272889989
393.465	15:51:45.465	43.462229950	1.272889989
393.715	15:51:45.715	43.462229950	1.272889989
393.965	15:51:45.965	43.462229950	1.272889989
394.215	15:51:46.215	43.462229950	1.272889989
394.465	15:51:46.465	43.462229950	1.272889989
394.715	15:51:46.715	43.462229950	1.272889989
394.965	15:51:46.965	43.462229950	1.272889989
395.215	15:51:47.215	43.462229950	1.272889989
395.465	15:51:47.465	43.462229950	1.272889989
395.715	15:51:47.715	43.462229950	1.272889989
395.965	15:51:47.965	43.462229950	1.272889989
396.215	15:51:48.215	43.462229950	1.272889989
396.465	15:51:48.465	43.462229950	1.272889989
396.715	15:51:48.715	43.462229950	1.272889989
396.965	15:51:48.965	43.462229950	1.272889989
397.215	15:51:49.215	43.462229950	1.272889989
397.465	15:51:49.465	43.462229950	1.272889989
397.715	15:51:49.715	43.462229950	1.272889989
397.965	15:51:49.965	43.462229950	1.272889989
398.215	15:51:50.215	43.462229950	1.272889989
398.465	15:51:50.465	43.462229950	1.272889989
398.715	15:51:50.715	43.462229950	1.272889989
398.965	15:51:50.965	43.462229950	1.272889989
399.215	15:51:51.215	43.462229950	1.272889989
399.465	15:51:51.465	43.462229950	1.272889989
399.715	15:51:51.715	43.462229950	1.272889989
399.965	15:51:51.965	43.462229950	1.272889989
400.215	15:51:52.215	43.462229950	1.272889989
400.465	15:51:52.465	43.462229950	1.272889989
400.715	15:51:52.715	43.462229950	1.272889989
400.965	15:51:52.965	43.462229950	1.272889989
401.215	15:51:53.215	43.462229950	1.272889989
401.465	15:51:53.465	43.462229950	1.272889989
401.715	15:51:53.715	43.462229950	1.272889989
401.965	15:51:53.965	43.462229950	1.272889989
402.215	15:51:54.215	43.462229950	1.272889989
402.465	15:51:54.465	43.462229950	1.272889989
402.715	15:51:54.715	43.462229950	1.272889989
402.965	15:51:54.965	43.462229950	1.272889989
403.215	15:51:55.215	43.462229950	1.272889989
403.465	15:51:55.465	43.462229950	1.272889989
403.715	15:51:55.715	43.462229950	1.272889989
403.965	15:51:55.965	43.462229950	1.272889989
404.215	15:51:56.215	43.462229950	1.272889989
404.465	15:51:56.465	43.462229950	1.272889989
404.715	15:51:56.715	43.462229950	1.272889989
404.965	15:51:56.965	43.462229950	1.272889989
405.215	15:51:57.215	43.462229950	1.272889989
405.465	15:51:57.465	43.462229950	1.272889989
405.715	15:51:57.715	43.462229950	1.272889989
405.965	15:51:57.965	43.462229950	1.272889989
406.215	15:51:58.215	43.462229950	1.272889989
406.465	15:51:58.465	43.462229950	1.272889989
406.715	15:51:58.715	43.462229950	1.272889989
406.965	15:51:58.965	43.462229950	1.272889989
407.215	15:51:59.215	43.462229950	1.272889989
407.465	15:51:59.465	43.462229950	1.272889989
407.715	15:51:59.715	43.462229950	1.272889989
407.965	15:51:59.965	43.462229950	1.272889989
408.215	15:52:0.215	43.462229950	1.272889989
408.465	15:52:0.465	43.462229950	1.272889989
408.715	15:52:0.715	43.462229950	1.272889989
408.965	15:52:0.965	43.462229950	1.272889989
409.215	15:52:1.215	43.462229950	1.272889989
409.465	15:52:1.465	43.462229950	1.272889989
409.715	15:52:1.715	43.462229950	1.272889989
409.965	15:52:1.965	43.462229950	1.272889989
410.215	15:52:2.215	43.462229950	1.272889989
410.465	15:52:2.465	43.462229950	1.272889989
410.715	15:52:2.715	43.462229950	1.272889989
410.965	15:52:2.965	43.462229950	1.272889989
411.215	15:52:3.215	43.462229950	1.272889989
411.465	15:52:3.465	43.462229950	1.272889989
411.715	15:52:3.715	43.462229950	1.272889989
411.965	15:52:3.965	43.462229950	1.272889989
412.215	15:52:4.215	43.462229950	1.272889989
412.465	15:52:4.465	43.462229950	1.272889989
412.715	15:52:4.715	43.462229950	1.272889989
412.965	15:52:4.965	43.462229950	1.272889989
413.215	15:52:5.215	43.462229950	1.272889989
413.465	15:52:5.465	43.462229950	1.272889989
413.715	15:52:5.715	43.462229950	1.272889989
413.965	15:52:5.965	43.462229950	1.272889989
414.215	15:52:6.215	43.462229950	1.272889989
414.465	15:52:6.465	43.462229950	1.272889989
414.715	15:52:6.715	43.462229950	1.272889989
414.965	15:52:6.965	43.462229950	1.272889989
415.215	15:52:7.215	43.462229950	1.272889989
415.465	15:52:7.465	43.462229950	1.272889989
415.715	15:52:7.715	43.462229950	1.272889989
415.965	15:52:7.965	43.462229950	1.272889989
416.215	15:52:8.215	43.462229950	1.272889989
416.465	15:52:8.465	43.462229950	1.272889989
416.715	15:52:8.715	43.462229950	1.272889989
416.965	15:52:8.965	43.462229950	1.272889989
417.215	15:52:9.215	43.462229950	1.272889989
417.465	15:52:9.465	43.462229950	1.272889989
417.715	15:52:9.715	43.462229950	1.272889989
417.965	15:52:9.965	43.462229950	1.272889989
418.215	15:52:10.215	43.462229950	1.272889989
418.465	15:52:10.465	43.462229950	1.272889989
418.715	15:52:10.715	43.462229950	1.272889989
418.965	15:52:10.965	43.462229950	1.272889989
419.215	15:52:11.215	43.462229950	1.272889989
419.465	15:52:11.465	43.462229950	1.272889989
419.715	15:52:11.715	43.462229950	1.272889989
419.965	15:52:11.965	43.462229950	1.272889989
420.215	15:52:12.215	43.462229950	1.272889989
420.465	15:52:12.465	43.462229950	1.272889989
420.715	15:52:12.715	43.462229950	1.272889989
420.965	15:52:12.965	43.462229950	1.272889989
421.215	15:52:13.215	43.462229950	1.272889989
421.465	15:52:13.465	43.462229950	1.272889989
421.715	15:52:13.715	43.462229950	1.272889989
421.965	15:52:13.965	43.462229950	1.272889989
422.215	15:52:14.215	43.462229950	1.272889989
422.465	15:52:14.465	43.462229950	1.272889989
422.715	15:52:14.715	43.462229950	1.272889989
422.965	15:52:14.965	43.462229950	1.272889989
423.215	15:52:15.215	43.462229950	1.272889989
423.465	15:52:15.465	43.462229950	1.272889989
423.715	15:52:15.715	43.462229950	1.272889989
423.965	15:52:15.965	43.462229950	1.272889989
424.215	15:52:16.215	43.462229950	1.272889989
424.465	15:52:16.465	43.462229950	1.272889989
424.715	15:52:16.715	43.462229950	1.272889989
424.965	15:52:16.965	43.462229950	1.272889989
425.215	15:52:17.215	43.462229950	1.272889989
425.465	15:52:17.465	43.462229950	1.272889989
425.715	15:52:17.715	43.462229950	1.272889989
425.965	15:52:17.965	43.462229950	1.272889989
426.215	15:52:18.215	43.462229950	1.272889989
426.465	15:52:18.465	43.462229950	1.272889989
426.715	15:52:18.715	43.462229950	1.272889989
426.965	15:52:18.965	43.462229950	1.272889989
427.215	15:52:19.215	43.462229950	1.272889989
427.465	15:52:19.465	43.462229950	1.272889989
427.715	15:52:19.715	43.462229950	1.272889989
427.965	15:52:19.965	43.462229950	1.272889989
428.215	15:52:20.215	43.462229950	1.272889989
428.465	15:52:20.465	43.462229950	1.272889989
428.715	15:52:20.715	43.462229950	1.272889989
428.965	15:52:20.965	43.462229950	1.272889989
429.215	15:52:21.215	43.462229950	1.272889989
429.465	15:52:21.465	43.462229950	1.272889989
429.715	15:52:21.715	43.462229950	1.272889989
429.965	15:52:21.965	43.462229950	1.272889989
430.215	15:52:22.215	43.462229950	1.272889989
430.465	15:52:22.465	43.462229950	1.272889989
430.715	15:52:22.715	43.462229950	1.272889989
430.965	15:52:22.965	43.462229950	1.272889989
431.215	15:52:23.215	43.462229950	1.272889989
431.465	15:52:23.465	43.462229950	1.272889989
431.715	15:52:23.715	43.462229950	1.272889989
431.965	15:52:23.965	43.462229950	1.272889989
432.215	15:52:24.215	43.462229950	1.272889989
432.465	15:52:24.465	43.462229950	1.272889989
432.715	15:52:24.715	43.462229950	1.272889989
432.965	15:52:24.965	43.462229950	1.272889989
433.215	15:52:25.215	43.462229950	1.272889989
433.465	15:52:25.465	43.462229950	1.272889989
433.715	15:52:25.715	43.462229950	1.272889989
433.965	15:52:25.965	43.462229950	1.272889989
434.215	15:52:26.215	43.462229950	1.272889989
434.465	15:52:26.465	43.462229950	1.272889989
434.715	15:52:26.715	43.462229950	1.272889989
434.965	15:52:26.965	43.462229950	1.272889989
435.215	15:52:27.215	43.462229950	1.272889989
435.465	15:52:27.465	43.462229950	1.272889989
435.715	15:52:27.715	43.462229950	1.272889989
435.965	15:52:27.965	43.462229950	1.272889989
436.215	15:52:28.215	43.462229950	1.272889989
436.465	15:52:28.465	43.462229950	1.272889989
436.715	15:52:28.715	43.462229950	1.272889989
436.965	15:52:28.965	43.462229950	1.272889989
437.215	15:52:29.215	43.462229950	1.272889989
437.465	15:52:29.465	43.462229950	1.272889989
437.715	15:52:29.715	43.462229950	1.272889989
437.965	15:52:29.965	43.462229950	1.272889989
438.215	15:52:30.215	43.462229950	1.272889989
438.465	15:52:30.465	43.462229950	1.272889989
438.715	15:52:30.715	43.462229950	1.272889989
438.965	15:52:30.965	43.462229950	1.272889989
439.215	15:52:31.215	43.462229950	1.272889989
439.465	15:52:31.465	43.462229950	1.272889989
439.715	15:52:31.715	43.462229950	1.272889989
439.965	15:52:31.965	43.462229950	1.272889989
440.215	15:52:32.215	43.462229950	1.272889989
440.465	15:52:32.465	43.462229950	1.272889989
440.715	15:52:32.715	43.462229950	1.272889989
440.965	15:52:32.965	43.462229950	1.272889989
441.215	15:52:33.215	43.462229950	1.272889989
441.465	15:52:33.465	43.462229950	1.272889989
441.715	15:52:33.715	43.462229950	1.272889989
441.965	15:52:33.965	43.462229950	1.272889989
442.215	15:52:34.215	43.462229950	1.272889989
442.465	15:52:34.465	43.462229950	1.272889989
442.715	15:52:34.715	43.462229950	1.272889989
442.965	15:52:34.965	43.462229950	1.272889989
443.215	15:52:35.215	43.462229950	1.272889989
443.465	15:52:35.465	43.462229950	1.272889989
443.715	15:52:35.715	43.462229950	1.272889989
443.965	15:52:35.965	43.462229950	1.272889989
444.215	15:52:36.215	43.462229950	1.272889989
444.465	15:52:36.465	43.462229950	1.272889989
444.715	15:52:36.715	43.462229950	1.272889989
444.965	15:52:36.965	43.462229950	1.272889989
445.215	15:52:37.215	43.462229950	1.272889989
445.465	15:52:37.465	43.462229950	1.272889989
445.715	15:52:37.715	43.462229950	1.272889989
445.965	15:52:37.965	43.462229950	1.272889989
446.215	15:52:38.215	43.462229950	1.272889989
446.465	15:52:38.465	43.462229950	1.272889989
446.715	15:52:38.715	43.462229950	1.272889989
446.965	15:52:38.965	43.462229950	1.272889989
447.215	15:52:39.215	43.462229950	1.272889989
447.465	15:52:39.465	43.462229950	1.272889989
447.715	15:52:39.715	43.462229950	1.272889989
447.965	15:52:39.965	43.462229950	1.272889989
448.215	15:52:40.215	43.462229950	1.272889989
448.465	15:52:40.465	43.462229950	1.272889989
448.715	15:52:40.715	43.462229950	1.272889989
448.965	15:52:40.965	43.462229950	1.272889989
449.215	15:52:41.215	43.462229950	1.272889989
449.465	15:52:41.465	43.462229950	1.272889989
449.715	15:52:41.715	43.462229950	1.272889989
449.965	15:52:41.965	43.462229950	1.272889989
450.215	15:52:42.215	43.462229950	1.272889989
450.465	15:52:42.465	43.462229950	1.272889989
450.715	15:52:42.715	43.462229950	1.272889989
450.965	15:52:42.965	43.462229950	1.272889989
451.215	15:52:43.215	43.462229950	1.272889989
451.465	15:52:43.465	43.462229950	1.272889989
451.715	15:52:43.715	43.462229950	1.272889989
451.965	15:52:43.965	43.462229950	1.272889989
452.215	15:52:44.215	43.462229950	1.272889989
452.465	15:52:44.465	43.462229950	1.272889989
452.715	15:52:44.715	43.462229950	1.272889989
452.965	15:52:44.965	43.462229950	1.272889989
453.215	15:52:45.215	43.462229950	1.272889989
453.465	15:52:45.465	43.462229950	1.272889989
453.715	15:52:45.715	43.462229950	1.272889989
453.965	15:52:45.965	43.462229950	1.272889989
454.215	15:52:46.215	43.462229950	1.272889989
454.465	15:52:46.465	43.462229950	1.272889989
454.715	15:52:46.715	43.462229950	1.272889989
454.965	15:52:46.965	43.462229950	1.272889989
455.215	15:52:47.215	43.462229950	1.272889989
455.465	15:52:47.465	43.462229950	1.272889989
455.715	15:52:47.715	43.462229950	1.272889989
455.965	15:52:47.965	43.462229950	1.272889989
456.215	15:52:48.215	43.462229950	1.272889989
456.465	15:52:48.465	43.462229950	1.272889989
456.715	15:52:48.715	43.462229950	1.272889989
456.965	15:52:48.965	43.462229950	1.272889989
457.215	15:52:49.215	43.462229950	1.272889989
457.465	15:52:49.465	43.462229950	1.272889989
457.715	15:52:49.715	43.462229950	1.272889989
457.965	15:52:49.965	43.462229950	1.272889989
458.215	15:52:50.215	43.462229950	1.272889989
458.465	15:52:50.465	43.462229950	1.272889989
458.715	15:52:50.715	43.462229950	1.272889989
458.965	15:52:50.965	43.462229950	1.272889989
459.215	15:52:51.215	43.462229950	1.272889989
459.465	15:52:51.465	43.462229950	1.272889989
459.715	15:52:51.715	43.462229950	1.272889989
459.965	15:52:51.965	43.462229950	1.272889989
460.215	15:52:52.215	43.462229950	1.272889989
460.465	15:52:52.465	43.462229950	1.272889989
460.715	15:52:52.715	43.462229950	1.272889989
460.965	15:52:52.965	43.462229950	1.272889989
461.215	15:52:53.215	43.462229950	1.272889989
461.465	15:52:53.465	43.462229950	1.272889989
461.715	15:52:53.715	43.462229950	1.272889989
461.965	15:52:53.965	43.462229950	1.272889989
462.215	15:52:54.215	43.462229950	1.272889989
462.465	15:52:54.465	43.462229950	1.272889989
462.715	15:52:54.715	43.462229950	1.272889989
462.965	15:52:54.965	43.462229950	1.272889989
463.215	15:52:55.215	43.462229950	1.272889989
463.465	15:52:55.465	43.462229950	1.272889989
463.715	15:52:55.715	43.462229950	1.272889989
463.965	15:52:55.965	43.462229950	1.272889989
464.215	15:52:56.215	43.462229950	1.272889989
464.465	15:52:56.465	43.462229950	1.272889989
464.715	15:52:56.715	43.462229950	1.272889989
464.965	15:52:56.965	43.462229950	1.272889989
465.215	15:52:57.215	43.462229950	1.272889989
465.465	15:52:57.465	43.462229950	1.272889989
465.715	15:52:57.715	43.462229950	1.272889989
465.965	15:52:57.965	43.462229950	1.272889989
466.215	15:52:58.215	43.462229950	1.272889989
466.465	15:52:58.465	43.462229950	1.272889989
466.715	15:52:58.715	43.462229950	1.272889989
466.965	15:52:58.965	43.462229950	1.272889989
467.215	15:52:59.215	43.462229950	1.272889989
467.465	15:52:59.465	43.462229950	1.272889989
467.715	15:52:59.715	43.462229950	1.272889989
467.965	15:52:59.965	43.462229950	1.272889989
468.215	15:53:0.215	43.462229950	1.272889989
468.465	15:53:0.465	43.462229950	1.272889989
468.715	15:53:0.715	43.462229950	1.272889989
468.965	15:53:0.965	43.462229950	1.272889989
469.215	15:53:1.215	43.462229950	1.272889989
469.465	15:53:1.465	43.462229950	1.272889989
469.715	15:53:1.715	43.462229950	1.272889989
469.965	15:53:1.965	43.462229950	1.272889989
470.215	15:53:2.215	43.462229950	1.272889989
470.465	15:53:2.465	43.462229950	1.272889989
470.715	15:53:2.715	43.462229950	1.272889989
470.965	15:53:2.965	43.462229950	1.272889989
471.215	15:53:3.215	43.462229950	1.272889989
471.465	15:53:3.465	43.462229950	1.272889989
471.715	15:53:3.715	43.462229950	1.272889989
471.965	15:53:3.965	43.462229950	1.272889989
472.215	15:53:4.215	43.462229950	1.272889989
472.465	15:53:4.465	43.462229950	1.272889989
472.715	15:53:4.715	43.462229950	1.272889989
472.965	15:53:4.965	43.462229950	1.272889989
473.215	15:53:5.215	43.462229950	1.272889989
473.465	15:53:5.465	43.462229950	1.272889989
473.715	15:53:5.715	43.462229950	1.272889989
473.965	15:53:5.965	43.462229950	1.272889989
474.215	15:53:6.215	43.462229950	1.272889989
474.465	15:53:6.465	43.462229950	1.272889989
474.715	15:53:6.715	43.462229950	1.272889989
474.965	15:53:6.965	43.462229950	1.272889989
475.215	15:53:7.215	43.462229950	1.272889989
475.465	15:53:7.465	43.462229950	1.272889989
475.715	15:53:7.715	43.462229950	1.272889989
475.965	15:53:7.965	43.462229950	1.272889989
476.215	15:53:8.215	43.462229950	1.272889989
476.465	15:53:8.465	43.462229950	1.272889989
476.715	15:53:8.715	43.462229950	1.272889989
476.965	15:53:8.965	43.462229950	1.272889989
477.215	15:53:9.215	43.462229950	1.272889989
477.465	15:53:9.465	43.462229950	1.272889989
477.715	15:53:9.715	43.462229950	1.272889989
477.965	15:53:9.965	43.462229950	1.272889989
478.215	15:53:10.215	43.462229950	1.272889989
478.465	15:53:10.465	43.462229950	1.272889989
478.715	15:53:10.715	43.462229950	1.272889989
478.965	15:53:10.965	43.462229950	1.272889989
479.215	15:53:11.215	43.462229950	1.272889989
479.465	15:53:11.465	43.462229950	1.272889989
479.715	15:53:11.715	43.462229950	1.272889989
479.965	15:53:11.965	43.462229950	1.272889989
480.215	15:53:12.215	43.462229950	1.272889989
480.465	15:53:12.465	43.462229950	1.272889989
480.715	15:53:12.715	43.462229950	1.272889989
480.965	15:53:12.965	43.462229950	1.272889989
481.215	15:53:13.215	43.462229950	1.272889989
481.465	15:53:13.465	43.462229950	1.272889989
481.715	15:53:13.715	43.462229950	1.272889989
481.965	15:53:13.965	43.462229950	1.272889989
482.215	15:53:14.215	43.462229950	1.272889989
482.465	15:53:14.465	43.462229950	1.272889989
482.715	15:53:14.715	43.462229950	1.272889989
482.965	15:53:14.965	43.462229950	1.272889989
483.215	15:53:15.215	43.462229950	1.272889989
483.465	15:53:15.465	43.462229950	1.272889989
483.715	15:53:15.715	43.462229950	1.272889989
483.965	15:53:15.965	43.462229950	1.272889989
484.215	15:53:16.215	43.462229950	1.272889989
484.465	15:53:16.465	43.462229950	1.272889989
484.715	15:53:16.715	43.462229950	1.272889989
484.965	15:53:16.965	43.462229950	1.272889989
485.215	15:53:17.215	43.462229950	1.272889989
485.465	15:53:17.465	43.462229950	1.272889989
485.715	15:53:17.715	43.462229950	1.272889989
485.965	15:53:17.965	43.462229950	1.272889989
486.215	15:53:18.215	43.462229950	1.272889989
486.465	15:53:18.465	43.462229950	1.272889989
486.715	15:53:18.715	43.462229950	1.272889989
486.965	15:53:18.965	43.462229950	1.272889989
487.215	15:53:19.215	43.462229950	1.272889989
487.465	15:53:19.465	43.462229950	1.272889989
487.715	15:53:19.715	43.462229950	1.272889989
487.965	15:53:19.965	43.462229950	1.272889989
488.215	15:53:20.215	43.462229950	1.272889989
488.465	15:53:20.465	43.462229950	1.272889989
488.715	15:53:20.715	43.462229950	1.272889989
488.965	15:53:20.965	43.462229950	1.272889989
489.215	15:53:21.215	43.462229950	1.272889989
489.465	15:53:21.465	43.462229950	1.272889989
489.715	15:53:21.715	43.462229950	1.272889989
489.965	15:53:21.965	43.462229950	1.272889989
490.215	15:53:22.215	43.462229950	1.272889989
490.465	15:53:22.465	43.462229950	1.272889989
490.715	15:53:22.715	43.462229950	1.272889989
490.965	15:53:22.965	43.462229950	1.272889989
491.215	15:53:23.215	43.462229950	1.272889989
491.465	15:53:23.465	43.462229950	1.272889989
491.715	15:53:23.715	43.462229950	1.272889989
491.965	15:53:23.965	43.462229950	1.272889989
492.215	15:53:24.215	43.462229950	1.272889989
492.465	15:53:24.465	43.462229950	1.272889989
492.715	15:53:24.715	43.462229950	1.272889989
492.965	15:53:24.965	43.462229950	1.272889989
493.215	15:53:25.215	43.462229950	1.272889989
493.465	15:53:25.465	43.462229950	1.272889989
493.715	15:53:25.715	43.462229950	1.272889989
493.965	15:53:25.965	43.462229950	1.272889989
494.215	15:53:26.215	43.462229950	1.272889989
494.465	15:53:26.465	43.462229950	1.272889989
494.715	15:53:26.715	43.462229950	1.272889989
494.965	15:53:26.965	43.462229950	1.272889989
495.215	15:53:27.215	43.462229950	1.272889989
495.465	15:53:27.465	43.462229950	1.272889989
495.715	15:53:27.715	43.462229950	1.272889989
495.965	15:53:27.965	43.462229950	1.272889989
496.215	15:53:28.215	43.462229950	1.272889989
496.465	15:53:28.465	43.462229950	1.272889989
496.715	15:53:28.715	43.462229950	1.272889989
496.965	15:53:28.965	43.462229950	1.272889989
497.215	15:53:29.215	43.462229950	1.272889989
497.465	15:53:29.465	43.462229950	1.272889989
497.715	15:53:29.715	43.462229950	1.272889989
497.965	15:53:29.965	43.462229950	1.272889989
498.215	15:53:30.215	43.462229950	1.272889989
498.465	15:53:30.465	43.462229950	1.272889989
498.715	15:53:30.715	43.462229950	1.272889989
498.965	15:53:30.965	43.462229950	1.272889989
499.215	15:53:31.215	43.462229950	1.272889989
499.465	15:53:31.465	43.462229950	1.272889989
499.715	15:53:31.715	43.462229950	1.272889989
499.965	15:53:31.965	43.462229950	1.272889989
500.215	15:53:32.215	43.462229950	1.272889989
500.465	15:53:32.465	43.462229950	1.272889989
500.715	15:53:32.715	43.462229950	1.272889989
500.965	15:53:32.965	43.462229950	1.272889989
501.215	15:53:33.215	43.462229950	1.272889989
501.465	15:53:33.465	43.462229950	1.272889989
501.715	15:53:33.715	43.462229950	1.272889989
501.965	15:53:33.965	43.462229950	1.272889989
502.215	15:53:34.215	43.462229950	1.272889989
502.465	15:53:34.465	43.462229950	1.272889989
502.715	15:53:34.715	43.462229950	1.272889989
502.965	15:53:34.965	43.462229950	1.272889989
503.215	15:53:35.215	43.462229950	1.272889989
503.465	15:53:35.465	43.462229950	1.272889989
503.715	15:53:35.715	43.462229950	1.272889989
503.965	15:53:35.965	43.462229950	1.272889989
504.215	15:53:36.215	43.462229950	1.272889989
504.465	15:53:36.465	43.462229950	1.272889989
504.715	15:53:36.715	43.462229950	1.272889989
504.965	15:53:36.965	43.462229950	1.272889989
505.215	15:53:37.215	43.462229950	1.272889989
505.465	15:53:37.465	43.462229950	1.272889989
505.715	15:53:37.715	43.462229950	1.272889989
505.965	15:53:37.965	43.462229950	1.272889989
506.215	15:53:38.215	43.462229950	1.272889989
506.465	15:53:38.465	43.462229950	1.272889989
506.715	15:53:38.715	43.462229950	1.272889989
506.965	15:53:38.965	43.462229950	1.272889989
507.215	15:53:39.215	43.462229950	1.272889989
507.465	15:53:39.465	43.462229950	1.272889989
507.715	15:53:39.715	43.462229950	1.272889989
507.965	15:53:39.965	43.462229950	1.272889989
508.215	15:53:40.215	43.462229950	1.272889989
508.465	15:53:40.465	43.462229950	1.272889989
508.715	15:53:40.715	43.462229950	1.272889989
508.965	15:53:40.965	43.462229950	1.272889989
509.215	15:53:41.215	43.462229950	1.272889989
509.465	15:53:41.465	43.462229950	1.272889989
509.715	15:53:41.715	43.462229950	1.272889989
509.965	15:53:41.965	43.462229950	1.272889989
510.215	15:53:42.215	43.462229950	1.272889989
510.465	15:53:42.465	43.462229950	1.272889989
510.715	15:53:42.715	43.462229950	1.272889989
510.965	15:53:42.965	43.462229950	1.272889989
511.215	15:53:43.215	43.462229950	1.272889989
511.465	15:53:43.465	43.462229950	1.272889989
511.715	15:53:43.715	43.462229950	1.272889989
511.965	15:53:43.965	43.462229950	1.272889989
512.215	15:53:44.215	43.462229950	1.272889989
512.465	15:53:44.465	43.462229950	1.272889989
512.715	15:53:44.715	43.462229950	1.272889989
512.965	15:53:44.965	43.462229950	1.272889989
513.215	15:53:45.215	43.462229950	1.272889989
513.465	15:53:45.465	43.462229950	1.272889989
513.715	15:53:45.715	43.462229950	1.272889989
513.965	15:53:45.965	43.462229950	1.272889989
514.215	15:53:46.215	43.462229950	1.272889989
514.465	15:53:46.465	43.462229950	1.272889989
514.715	15:53:46.715	43.462229950	1.272889989
514.965	15:53:46.965	43.462229950	1.272889989
515.215	15:53:47.215	43.462229950	1.272889989
515.465	15:53:47.465	43.462229950	1.272889989
515.715	15:53:47.715	43.462229950	1.272889989
515.965	15:53:47.965	43.462229950	1.272889989
516.215	15:53:48.215	43.462229950	1.272889989
516.465	15:53:48.465	43.462229950	1.272889989
516.715	15:53:48.715	43.462229950	1.272889989
516.965	15:53:48.965	43.462229950	1.272889989
517.215	15:53:49.215	43.462229950	1.272889989
517.465	15:53:49.465	43.462229950	1.272889989
517.715	15:53:49.715	43.462229950	1.272889989
517.965	15:53:49.965	43.462229950	1.272889989
518.215	15:53:50.215	43.462229950	1.272889989
518.465	15:53:50.465	43.462229950	1.272889989
518.715	15:53:50.715	43.462229950	1.272889989
518.965	15:53:50.965	43.462229950	1.272889989
519.215	15:53:51.215	43.462229950	1.272889989
519.465	15:53:51.465	43.462229950	1.272889989
519.715	15:53:51.715	43.462229950	1.272889989
519.965	15:53:51.965	43.462229950	1.272889989
520.215	15:53:52.215	43.462229950	1.272889989
520.465	15:53:52.465	43.462229950	1.272889989
520.715	15:53:52.715	43.462229950	1.272889989
520.965	15:53:52.965	43.462229950	1.272889989
521.215	15:53:53.215	43.462229950	1.272889989
521.465	15:53:53.465	43.462229950	1.272889989
521.715	15:53:53.715	43.462229950	1.272889989
521.965	15:53:53.965	43.462229950	1.272889989
522.215	15:53:54.215	43.462229950	1.272889989
522.465	15:53:54.465	43.462229950	1.272889989
522.715	15:53:54.715	43.462229950	1.272889989
522.965	15:53:54.965	43.462229950	1.272889989
523.215	15:53:55.215	43.462229950	1.272889989
523.465	15:53:55.465	43.462229950	1.272889989
523.715	15:53:55.715	43.462229950	1.272889989
523.965	15:53:55.965	43.462229950	1.272889989
524.215	15:53:56.215	43.462229950	1.272889989
524.465	15:53:56.465	43.462229950	1.272889989
524.715	15:53:56.715	43.462229950	1.272889989
524.965	15:53:56.965	43.462229950	1.272889989
525.215	15:53:57.215	43.462229950	1.272889989
525.465	15:53:57.465	43.462229950	1.272889989
525.715	15:53:57.715	43.462229950	1.272889989
525.965	15:53:57.965	43.462229950	1.272889989
526.215	15:53:58.215	43.462229950	1.272889989
526.465	15:53:58.465	43.462229950	1.272889989
526.715	15:53:58.715	43.462229950	1.272889989
526.965	15:53:58.965	43.462229950	1.272889989
527.215	15:53:59.215	43.462229950	1.272889989
527.465	15:53:59.465	43.462229950	1.272889989
527.715	15:53:59.715	43.462229950	1.272889989
527.965	15:53:59.965	43.462229950	1.272889989
528.215	15:54:0.215	43.462229950	1.272889989
528.465	15:54:0.465	43.462229950	1.272889989
528.715	15:54:0.715	43.462229950	1.272889989
528.965	15:54:0.965	43.462229950	1.272889989
529.215	15:54:1.215	43.462229950	1.272889989
529.465	15:54:1.465	43.462229950	1.272889989
529.715	15:54:1.715	43.462229950	1.272889989
529.965	15:54:1.965	43.462229950	1.272889989
530.215	15:54:2.215	43.462229950	1.272889989
530.465	15:54:2.465	43.462229950	1.272889989
530.715	15:54:2.715	43.462229950	1.272889989
530.965	15:54:2.965	43.462229950	1.272889989
531.215	15:54:3.215	43.462229950	1.272889989
531.465	15:54:3.465	43.462229950	1.272889989
531.715	15:54:3.715	43.462229950	1.272889989
531.965	15:54:3.965	43.462229950	1.272889989
532.215	15:54:4.215	43.462229950	1.272889989
532.465	15:54:4.465	43.462229950	1.272889989
532.715	15:54:4.715	43.462229950	1.272889989
532.965	15:54:4.965	43.462229950	1.272889989
533.215	15:54:5.215	43.462229950	1.272889989
533.465	15:54:5.465	43.462229950	1.272889989
533.715	15:54:5.715	43.462229950	1.272889989
533.965	15:54:5.965	43.462229950	1.272889989
534.215	15:54:6.215	43.462229950	1.272889989
534.465	15:54:6.465	43.462229950	1.272889989
534.715	15:54:6.715	43.462229950	1.272889989
534.965	15:54:6.965	43.462229950	1.272889989
535.215	15:54:7.215	43.462229950	1.272889989
535.465	15:54:7.465	43.462229950	1.272889989
535.715	15:54:7.715	43.462229950	1.272889989
535.965	15:54:7.965	43.462229950	1.272889989
536.215	15:54:8.215	43.462229950	1.272889989
536.465	15:54:8.465	43.462229950	1.272889989
536.715	15:54:8.715	43.462229950	1.272889989
536.965	15:54:8.965	43.462229950	1.272889989
537.215	15:54:9.215	43.462229950	1.272889989
537.465	15:54:9.465	43.462229950	1.272889989
537.715	15:54:9.715	43.462229950	1.272889989
537.965	15:54:9.965	43.462229950	1.272889989
538.215	15:54:10.215	43.462229950	1.272889989
538.465	15:54:10.465	43.462229950	1.272889989
538.715	15:54:10.715	43.462229950	1.272889989
538.965	15:54:10.965	43.462229950	1.272889989
539.215	15:54:11.215	43.462229950	1.272889989
539.465	15:54:11.465	43.462229950	1.272889989
539.715	15:54:11.715	43.462229950	1.272889989
539.965	15:54:11.965	43.462229950	1.272889989
540.215	15:54:12.215	43.462229950	1.272889989
540.465	15:54:12.465	43.462229950	1.272889989
540.715	15:54:12.715	43.462229950	1.272889989
540.965	15:54:12.965	43.462229950	1.272889989
541.215	15:54:13.215	43.462229950	1.272889989
541.465	15:54:13.465	43.462229950	1.272889989
541.715	15:54:13.715	43.462229950	1.272889989
541.965	15:54:13.965	43.462229950	1.272889989
542.215	15:54:14.215	43.462229950	1.272889989
542.465	15:54:14.465	43.462229950	1.272889989
542.715	15:54:14.715	43.462229950	1.272889989
542.965	15:54:14.965	43.462229950	1.272889989
543.215	15:54:15.215	43.462229950	1.272889989
543.465	15:54:15.465	43.462229950	1.272889989
543.715	15:54:15.715	43.462229950	1.272889989
543.965	15:54:15.965	43.462229950	1.272889989
544.215	15:54:16.215	43.462229950	1.272889989
544.465	15:54:16.465	43.462229950	1.272889989
544.715	15:54:16.715	43.462229950	1.272889989
544.965	15:54:16.965	43.462229950	1.272889989
545.215	15:54:17.215	43.462229950	1.272889989
545.465	15:54:17.465	43.462229950	1.272889989
545.715	15:54:17.715	43.462229950	1.272889989
545.965	15:54:17.965	43.462229950	1.272889989
546.215	15:54:18.215	43.462229950	1.272889989
546.465	15:54:18.465	43.462229950	1.272889989
